KONPLAN SAMMENLIG;Finanskonto;15;;;;;;;;;;;;;;;;;;;;;;;;;;;;;;;;;;;;;;;;;;;;
;;;;;;;;;;;;;;;;;;;;;;;;;;;;;;;;;;;;;;;;;;;;;;
Nummer;Navn;Søgenavn;Kontotype;Global dimension 1-kode;Global dimension 2-kode;Kontokategori;Resultatopgørelse/balance;Debet/kredit;Nr. 2;Spærret;Direkte bogføring;Afstembar;Sideskift;Antal tomme linjer;Indrykning;Valutakode;Bogføring af kildevaluta;Værdiregulering af kildevaluta;Urealiseret værdiregulering;Dato/klokkeslæt for seneste ændring;Rettet den;Sammentælling;Konsol. oversættelsesmetode;Kons.debetkonto;Kons.kreditkonto;Bogføringstype;Virksomhedsbogføringsgruppe;Produktbogføringsgruppe;Billede;Automatisk udv. tekster;Skatteområdekode;Skattepligtig;Skattegruppekode;Momsvirksomhedsbogf.gruppe;Momsproduktbogf.gruppe;Valutakursregulering;IC-stand.partners finanskt.nr.;Udelad standardbeskrivelse i kladde;Løbenr. for kontounderkategori;Udeluk fra konsolidering;Omkostningstypenr.;Standardskabelonkode for periodisering;Automatisk redovisningsmall;Standardbæredygtighedskonti;API-kontotype;Gennemse politik
1000;BALANSRÄKNING;BALANSRÄKNING;Overskrift;;;;Balance;Begge;;false;false;false;false;0;0;;;false;false;2026-01-19T15:19:44.357Z;2026-01-19;;Gennemsnitskurs (manuel);;;;;;;false;;false;;;;Ingen regulering;;false;;false;;;;;Overskrift;Ingen
1002;TILLGÅNGAR;TILLGÅNGAR;Starttotal;;;;Balance;Begge;;false;false;false;false;1;0;;;false;false;2026-01-19T15:19:44.373Z;2026-01-19;;Gennemsnitskurs (manuel);;;;;;;false;;false;;;;Ingen regulering;;false;;false;;;;;Starttotal;Ingen
1003;Anläggningstillgångar;ANLÄGGNINGSTILLGÅNGAR;Starttotal;;;Aktiver;Balance;Begge;;false;false;false;false;1;1;;;false;false;2026-01-19T15:19:44.387Z;2026-01-19;;Gennemsnitskurs (manuel);;;;;;;false;;false;;;;Ingen regulering;;false;8;false;;;;;Starttotal;Ingen
1005;Materiella anl.tillgångar;MATERIELLA ANL.TILLGÅNGAR;Starttotal;;;Aktiver;Balance;Begge;;false;false;false;false;0;2;;;false;false;2026-01-19T15:19:44.397Z;2026-01-19;;Gennemsnitskurs (manuel);;;;;;;false;;false;;;;Ingen regulering;;false;8;false;;;;;Starttotal;Ingen
1100;Byggnader och mark, Från-summa;BYGGNADER OCH MARK, FRÅN-SUMMA;Starttotal;;;Aktiver;Balance;Begge;;false;false;false;false;0;3;;;false;false;2026-01-19T15:19:44.407Z;2026-01-19;;Gennemsnitskurs (manuel);;;;;;;false;;false;;;;Ingen regulering;;false;8;false;;;;;Starttotal;Ingen
1110;Byggnader och mark;BYGGNADER OCH MARK;Bogføring;;;Aktiver;Balance;Begge;;false;true;false;false;0;4;;;false;false;2026-01-19T15:19:44.417Z;2026-01-19;;Gennemsnitskurs (manuel);;;;;;;false;;false;;;;Ingen regulering;;false;8;false;;;;;Bogføring;Ingen
1115;Ökningar under året – byggnader;ÖKNINGAR UNDER ÅRET – BYGGNADER;Bogføring;;;Aktiver;Balance;Begge;;false;true;false;false;0;4;;;false;false;2026-01-19T15:19:44.43Z;2026-01-19;;Gennemsnitskurs (manuel);;;Køb;INRIKES;DIV;;false;;false;;INRIKES;VAT25;Ingen regulering;;false;8;false;;;;;Bogføring;Ingen
1116;Minskningar under året – byggnader;MINSKNINGAR UNDER ÅRET – BYGGNADER;Bogføring;;;Aktiver;Balance;Begge;;false;true;false;false;0;4;;;false;false;2026-01-19T15:19:44.437Z;2026-01-19;;Gennemsnitskurs (manuel);;;Salg;INRIKES;DIV;;false;;false;;INRIKES;VAT25;Ingen regulering;;false;8;false;;;;;Bogføring;Ingen
1190;Byggnader och mark totalt;BYGGNADER OCH MARK TOTALT;Sluttotal;;;Aktiver;Balance;Begge;;false;false;false;false;0;3;;;false;false;2026-01-19T15:19:44.48Z;2026-01-19;1100..1190;Gennemsnitskurs (manuel);;;;;;;false;;false;;;;Ingen regulering;;false;8;false;;;;;Sluttotal;Ingen
1200;Maskiner och inventarier, Från-summa;MASKINER OCH INVENTARIER, FRÅN-SUMMA;Starttotal;;;Aktiver;Balance;Begge;;false;false;false;false;0;3;;;false;false;2026-01-19T15:19:44.49Z;2026-01-19;;Gennemsnitskurs (manuel);;;;;;;false;;false;;;;Ingen regulering;;false;8;false;;;;;Starttotal;Ingen
1210;Maskiner och inventarier;MASKINER OCH INVENTARIER;Bogføring;;;Aktiver;Balance;Begge;;false;true;false;false;0;4;;;false;false;2026-01-19T15:19:44.527Z;2026-01-19;;Gennemsnitskurs (manuel);;;;;;;false;;false;;;;Ingen regulering;;false;8;false;;;;;Bogføring;Ingen
1215;Ökningar under året;ÖKNINGAR UNDER ÅRET;Bogføring;;;Aktiver;Balance;Begge;;false;true;false;false;0;4;;;false;false;2026-01-19T15:19:44.537Z;2026-01-19;;Gennemsnitskurs (manuel);;;;;;;false;;false;;;;Ingen regulering;;false;;false;;;;;Bogføring;Ingen
1216;Minskningar under året;MINSKNINGAR UNDER ÅRET;Bogføring;;;Aktiver;Balance;Begge;;false;true;false;false;0;4;;;false;false;2026-01-19T15:19:44.55Z;2026-01-19;;Gennemsnitskurs (manuel);;;Salg;INRIKES;DIV;;false;;false;;INRIKES;VAT25;Ingen regulering;;false;8;false;;;;;Bogføring;Ingen
1219;Ackumulerade avskrivningar;ACKUMULERADE AVSKRIVNINGAR;Bogføring;;;Aktiver;Balance;Begge;;false;true;false;false;0;4;;;false;false;2026-01-19T15:19:44.557Z;2026-01-19;;Gennemsnitskurs (manuel);;;;;;;false;;false;;;;Ingen regulering;;false;9;false;;;;;Bogføring;Ingen
1220;Verktyg och installationer;VERKTYG OCH INSTALLATIONER;Bogføring;;;Aktiver;Balance;Begge;;false;true;false;false;0;4;;;false;false;2026-01-19T15:19:44.57Z;2026-01-19;;Gennemsnitskurs (manuel);;;;;;;false;;false;;;;Ingen regulering;;false;8;false;;;;;Bogføring;Ingen
1225;Maskiner och inventarier total;MASKINER OCH INVENTARIER TOTAL;Sluttotal;;;Aktiver;Balance;Begge;;false;false;false;false;0;3;;;false;false;2026-01-19T15:19:44.597Z;2026-01-19;1200..1225;Gennemsnitskurs (manuel);;;;;;;false;;false;;;;Ingen regulering;;false;8;false;;;;;Sluttotal;Ingen
1235;Fordon, Från-Summa;FORDON, FRÅN-SUMMA;Starttotal;;;Aktiver;Balance;Begge;;false;false;false;false;0;3;;;false;false;2026-01-19T15:19:44.607Z;2026-01-19;;Gennemsnitskurs (manuel);;;;;;;false;;false;;;;Ingen regulering;;false;8;false;;;;;Starttotal;Ingen
1240;Fordon för transport;FORDON FÖR TRANSPORT;Bogføring;;;Aktiver;Balance;Begge;;false;true;false;false;0;4;;;false;false;2026-01-19T15:19:44.62Z;2026-01-19;;Gennemsnitskurs (manuel);;;;;;;false;;false;;;;Ingen regulering;;false;8;false;;;;;Bogføring;Ingen
1241;Fordon;FORDON;Bogføring;;;Aktiver;Balance;Begge;;false;true;false;false;0;4;;;false;false;2026-01-19T15:19:44.633Z;2026-01-19;;Gennemsnitskurs (manuel);;;;;;;false;;false;;;;Ingen regulering;;false;8;false;;;;;Bogføring;Ingen
1245;Ökningar under året;ÖKNINGAR UNDER ÅRET;Bogføring;;;Aktiver;Balance;Begge;;false;true;false;false;0;4;;;false;false;2026-01-19T15:19:44.647Z;2026-01-19;;Gennemsnitskurs (manuel);;;Køb;INRIKES;DIV;;false;;false;;INRIKES;VAT25;Ingen regulering;;false;8;false;;;;;Bogføring;Ingen
1246;Minskningar under året – fordon;MINSKNINGAR UNDER ÅRET – FORDON;Bogføring;;;Aktiver;Balance;Begge;;false;true;false;false;0;4;;;false;false;2026-01-19T15:19:44.66Z;2026-01-19;;Gennemsnitskurs (manuel);;;Salg;INRIKES;DIV;;false;;false;;INRIKES;VAT25;Ingen regulering;;false;8;false;;;;;Bogføring;Ingen
1249;Ack. avskrivning på bilar;ACK. AVSKRIVNING PÅ BILAR;Bogføring;;;Aktiver;Balance;Begge;;false;true;false;false;0;4;;;false;false;2026-01-19T15:19:44.67Z;2026-01-19;;Gennemsnitskurs (manuel);;;;;;;false;;false;;;;Ingen regulering;;false;9;false;;;;;Bogføring;Ingen
1250;Bilar och transp.medel totalt;BILAR OCH TRANSP.MEDEL TOTALT;Sluttotal;;;Aktiver;Balance;Begge;;false;false;false;false;0;3;;;false;false;2026-01-19T15:19:44.68Z;2026-01-19;1235..1250;Gennemsnitskurs (manuel);;;;;;;false;;false;;;;Ingen regulering;;false;8;false;;;;;Sluttotal;Ingen
1260;Materiella anl.tillg. totalt;MATERIELLA ANL.TILLG. TOTALT;Sluttotal;;;Aktiver;Balance;Begge;;false;false;false;false;0;2;;;false;false;2026-01-19T15:19:44.69Z;2026-01-19;1005..1260;Gennemsnitskurs (manuel);;;;;;;false;;false;;;;Ingen regulering;;false;8;false;;;;;Sluttotal;Ingen
1300;Värdepapper;VÄRDEPAPPER;Starttotal;;;Aktiver;Balance;Begge;;false;false;false;false;0;2;;;false;false;2026-01-19T15:19:44.703Z;2026-01-19;;Gennemsnitskurs (manuel);;;;;;;false;;false;;;;Ingen regulering;;false;1;false;;;;;Starttotal;Ingen
1310;Aktier och andelar koncernftg;AKTIER OCH ANDELAR KONCERNFTG;Bogføring;;;Aktiver;Balance;Begge;;false;true;false;false;0;3;;;false;false;2026-01-19T15:19:44.72Z;2026-01-19;;Gennemsnitskurs (manuel);;;;;;;false;;false;;;;Ingen regulering;;false;1;false;;;;;Bogføring;Ingen
1397;Finansiella anlägg.tillg. tot.;FINANSIELLA ANLÄGG.TILLG. TOT.;Sluttotal;;;Aktiver;Balance;Begge;;false;false;false;false;0;2;;;false;false;2026-01-19T15:19:44.73Z;2026-01-19;1300..1397;Gennemsnitskurs (manuel);;;;;;;false;;false;;;;Ingen regulering;;false;1;false;;;;;Sluttotal;Ingen
1398;Anläggningstillgångar totalt;ANLÄGGNINGSTILLGÅNGAR TOTALT;Sluttotal;;;Aktiver;Balance;Begge;;false;false;false;false;0;1;;;false;false;2026-01-19T15:19:44.737Z;2026-01-19;1003..1398;Gennemsnitskurs (manuel);;;;;;;false;;false;;;;Ingen regulering;;false;7;false;;;;;Sluttotal;Ingen
1400;Omsättningstillgångar;OMSÄTTNINGSTILLGÅNGAR;Starttotal;;;Aktiver;Balance;Begge;;false;false;false;false;1;1;;;false;false;2026-01-19T15:19:44.747Z;2026-01-19;;Gennemsnitskurs (manuel);;;;;;;false;;false;;;;Ingen regulering;;false;2;false;;;;;Starttotal;Ingen
1401;Lager;LAGER;Starttotal;;;Aktiver;Balance;Begge;;false;false;false;false;0;2;;;false;false;2026-01-19T15:19:44.763Z;2026-01-19;;Gennemsnitskurs (manuel);;;;;;;false;;false;;;;Ingen regulering;;false;6;false;;;;;Starttotal;Ingen
1410;Råmaterial;RÅMATERIAL;Bogføring;;;Aktiver;Balance;Begge;;false;true;false;false;0;3;;;false;false;2026-01-19T15:19:44.773Z;2026-01-19;;Gennemsnitskurs (manuel);;;;;;;false;;false;;;;Ingen regulering;;false;6;false;;;;;Bogføring;Ingen
1411;Råmaterial (interim);RÅMATERIAL (INTERIM);Bogføring;;;Aktiver;Balance;Begge;;false;true;false;false;0;3;;;false;false;2026-01-19T15:19:44.787Z;2026-01-19;;Gennemsnitskurs (manuel);;;;;;;false;;false;;;;Ingen regulering;;false;6;false;;;;;Bogføring;Ingen
1430;PIA för projekt;PIA FÖR PROJEKT;Starttotal;;;Aktiver;Balance;Begge;;false;false;false;false;0;3;;;false;false;2026-01-19T15:19:44.797Z;2026-01-19;;Gennemsnitskurs (manuel);;;;;;;false;;false;;;;Ingen regulering;;false;6;false;;;;;Starttotal;Ingen
1431;Produkter i arbete intäkter;PRODUKTER I ARBETE INTÄKTER;Starttotal;;;Aktiver;Balance;Begge;;false;false;false;false;0;4;;;false;false;2026-01-19T15:19:44.807Z;2026-01-19;;Gennemsnitskurs (manuel);;;;;;;false;;false;;;;Ingen regulering;;false;6;false;;;;;Starttotal;Ingen
1432;PIA-projektförsäljning;PIA-PROJEKTFÖRSÄLJNING;Bogføring;;;Aktiver;Balance;Begge;;false;true;false;false;0;5;;;false;false;2026-01-19T15:19:44.82Z;2026-01-19;;Gennemsnitskurs (manuel);;;;;;;false;;false;;;;Ingen regulering;;false;6;false;;;;;Bogføring;Ingen
1433;Fakturerad projektförsäljning;FAKTURERAD PROJEKTFÖRSÄLJNING;Bogføring;;;Aktiver;Balance;Begge;;false;true;false;false;0;5;;;false;false;2026-01-19T15:19:44.837Z;2026-01-19;;Gennemsnitskurs (manuel);;;;;;;false;;false;;;;Ingen regulering;;false;6;false;;;;;Bogføring;Ingen
1434;PIA-försäljning, totalt;PIA-FÖRSÄLJNING, TOTALT;Sluttotal;;;Aktiver;Balance;Begge;;false;false;false;false;0;4;;;false;false;2026-01-19T15:19:44.853Z;2026-01-19;1431..1434;Gennemsnitskurs (manuel);;;;;;;false;;false;;;;Ingen regulering;;false;6;false;;;;;Sluttotal;Ingen
1435;Produkter i arbete kostnader;PRODUKTER I ARBETE KOSTNADER;Starttotal;;;Aktiver;Balance;Begge;;false;false;false;false;0;4;;;false;false;2026-01-19T15:19:44.867Z;2026-01-19;;Gennemsnitskurs (manuel);;;;;;;false;;false;;;;Ingen regulering;;false;6;false;;;;;Starttotal;Ingen
1436;PIA-projektkostnader;PIA-PROJEKTKOSTNADER;Bogføring;;;Aktiver;Balance;Begge;;false;true;false;false;0;5;;;false;false;2026-01-19T15:19:44.873Z;2026-01-19;;Gennemsnitskurs (manuel);;;;;;;false;;false;;;;Ingen regulering;;false;6;false;;;;;Bogføring;Ingen
1437;Upplupna projektkostnader;UPPLUPNA PROJEKTKOSTNADER;Bogføring;;;Aktiver;Balance;Begge;;false;true;false;false;0;5;;;false;false;2026-01-19T15:19:44.883Z;2026-01-19;;Gennemsnitskurs (manuel);;;;;;;false;;false;;;;Ingen regulering;;false;6;false;;;;;Bogføring;Ingen
1438;PIA-kostnader, totalt;PIA-KOSTNADER, TOTALT;Sluttotal;;;Aktiver;Balance;Begge;;false;false;false;false;0;4;;;false;false;2026-01-19T15:19:44.893Z;2026-01-19;1435..1438;Gennemsnitskurs (manuel);;;;;;;false;;false;;;;Ingen regulering;;false;6;false;;;;;Sluttotal;Ingen
1440;PIA färdigvaror;PIA FÄRDIGVAROR;Bogføring;;;Aktiver;Balance;Begge;;false;true;false;false;0;4;;;false;false;2026-01-19T15:19:44.927Z;2026-01-19;;Gennemsnitskurs (manuel);;;;;;;false;;false;;;;Ingen regulering;;false;;false;;;;;Bogføring;Ingen
1449;PIA för projekt, totalt;PIA FÖR PROJEKT, TOTALT;Sluttotal;;;Aktiver;Balance;Begge;;false;false;false;false;0;3;;;false;false;2026-01-19T15:19:44.94Z;2026-01-19;1430..1449;Gennemsnitskurs (manuel);;;;;;;false;;false;;;;Ingen regulering;;false;6;false;;;;;Sluttotal;Ingen
1450;Lager färdigvaror;LAGER FÄRDIGVAROR;Bogføring;;;Aktiver;Balance;Begge;;false;true;false;false;0;3;;;false;false;2026-01-19T15:19:44.95Z;2026-01-19;;Gennemsnitskurs (manuel);;;;;;;false;;false;;;;Ingen regulering;;false;6;false;;;;;Bogføring;Ingen
1451;Lager färdigvaror (interim);LAGER FÄRDIGVAROR (INTERIM);Bogføring;;;Aktiver;Balance;Begge;;false;true;false;false;0;3;;;false;false;2026-01-19T15:19:44.967Z;2026-01-19;;Gennemsnitskurs (manuel);;;;;;;false;;false;;;;Ingen regulering;;false;6;false;;;;;Bogføring;Ingen
1452;Primo-lager;PRIMO-LAGER;Bogføring;;;Aktiver;Balance;Begge;;false;true;false;false;0;3;;;false;false;2026-01-19T15:19:44.977Z;2026-01-19;;Gennemsnitskurs (manuel);;;;;;;false;;false;;;;Ingen regulering;;false;6;false;;;;;Bogføring;Ingen
1460;Lager varor;LAGER VAROR;Bogføring;;;Aktiver;Balance;Begge;;false;true;false;false;0;3;;;false;false;2026-01-19T15:19:44.987Z;2026-01-19;;Gennemsnitskurs (manuel);;;;;;;false;;false;;;;Ingen regulering;;false;6;false;;;;;Bogføring;Ingen
1461;Lager varor (interim);LAGER VAROR (INTERIM);Bogføring;;;Aktiver;Balance;Begge;;false;true;false;false;0;3;;;false;false;2026-01-19T15:19:44.997Z;2026-01-19;;Gennemsnitskurs (manuel);;;;;;;false;;false;;;;Ingen regulering;;false;6;false;;;;;Bogføring;Ingen
1499;Lager totalt;LAGER TOTALT;Sluttotal;;;Aktiver;Balance;Begge;;false;false;false;false;0;2;;;false;false;2026-01-19T15:19:45.007Z;2026-01-19;1401..1499;Gennemsnitskurs (manuel);;;;;;;false;;false;;;;Ingen regulering;;false;6;false;;;;;Sluttotal;Ingen
1500;Kundreskontra;KUNDRESKONTRA;Starttotal;;;Aktiver;Balance;Begge;;false;false;false;false;0;2;;;false;false;2026-01-19T15:19:45.02Z;2026-01-19;;Gennemsnitskurs (manuel);;;;;;;false;;false;;;;Ingen regulering;;false;4;false;;;;;Starttotal;Ingen
1510;Kunder inrikes;KUNDER INRIKES;Bogføring;;;Aktiver;Balance;Begge;;false;true;false;false;0;3;;;false;false;2026-01-19T15:19:45.027Z;2026-01-19;;Gennemsnitskurs (manuel);;;;;;;false;;false;;;;Ingen regulering;;false;4;false;;;;;Bogføring;Ingen
1511;Kundfordringar utländska;KUNDFORDRINGAR UTLÄNDSKA;Bogføring;;;Aktiver;Balance;Begge;;false;true;false;false;0;3;;;false;false;2026-01-19T15:19:45.04Z;2026-01-19;;Gennemsnitskurs (manuel);;;;;;;false;;false;;;;Ingen regulering;;false;4;false;;;;;Bogføring;Ingen
1520;Upplupna inkomsträntor;UPPLUPNA INKOMSTRÄNTOR;Bogføring;;;Aktiver;Balance;Begge;;false;true;false;false;0;3;;;false;false;2026-01-19T15:19:45.05Z;2026-01-19;;Gennemsnitskurs (manuel);;;;;;;false;;false;;;;Ingen regulering;;false;4;false;;;;;Bogføring;Ingen
1530;Övriga fordringar;ÖVRIGA FORDRINGAR;Bogføring;;;Aktiver;Balance;Begge;;false;true;false;false;0;3;;;false;false;2026-01-19T15:19:45.063Z;2026-01-19;;Gennemsnitskurs (manuel);;;;;;;false;;false;;;;Ingen regulering;;false;4;false;;;;;Bogføring;Ingen
1599;Fordringar totalt;FORDRINGAR TOTALT;Sluttotal;;;Aktiver;Balance;Begge;;false;false;false;false;0;2;;;false;false;2026-01-19T15:19:45.073Z;2026-01-19;1500..1599;Gennemsnitskurs (manuel);;;;;;;false;;false;;;;Ingen regulering;;false;4;false;;;;;Sluttotal;Ingen
1793;Utlev. ej fakturerade;UTLEV. EJ FAKTURERADE;Bogføring;;;Aktiver;Balance;Begge;;false;true;false;false;0;2;;;false;false;2026-01-19T15:19:45.087Z;2026-01-19;;Gennemsnitskurs (manuel);;;;;;;false;;false;;;;Ingen regulering;;false;2;false;;;;;Bogføring;Ingen
1900;Likvida tillgångar;LIKVIDA TILLGÅNGAR;Starttotal;;;Aktiver;Balance;Begge;;false;false;false;false;0;2;;;false;false;2026-01-19T15:19:45.097Z;2026-01-19;;Gennemsnitskurs (manuel);;;;;;;false;;false;;;;Ingen regulering;;false;3;false;;;;;Starttotal;Ingen
1910;Kontant;KONTANT;Bogføring;;;Aktiver;Balance;Begge;;false;true;true;false;0;3;;;false;false;2026-01-19T15:19:45.107Z;2026-01-19;;Gennemsnitskurs (manuel);;;;;;;false;;false;;;;Ingen regulering;;false;3;false;;;;;Bogføring;Ingen
1920;Postgiro;POSTGIRO;Bogføring;;;Aktiver;Balance;Begge;;false;true;true;false;0;3;;;false;false;2026-01-19T15:19:45.117Z;2026-01-19;;Gennemsnitskurs (manuel);;;;;;;false;;false;;;;Ingen regulering;;false;3;false;;;;;Bogføring;Ingen
1940;Bank, BVA;BANK, BVA;Bogføring;;;Aktiver;Balance;Begge;;false;true;true;false;0;3;;;false;false;2026-01-19T15:19:45.127Z;2026-01-19;;Gennemsnitskurs (manuel);;;;;;;false;;false;;;;Ingen regulering;;false;3;false;;;;;Bogføring;Ingen
1941;Bank valutakonto;BANK VALUTAKONTO;Bogføring;;;Aktiver;Balance;Begge;;false;true;true;false;0;3;;;false;false;2026-01-19T15:19:45.137Z;2026-01-19;;Gennemsnitskurs (manuel);;;;;;;false;;false;;;;Ingen regulering;;false;3;false;;;;;Bogføring;Ingen
1949;Likvida tillgångar totalt;LIKVIDA TILLGÅNGAR TOTALT;Sluttotal;;;Aktiver;Balance;Begge;;false;false;false;false;0;2;;;false;false;2026-01-19T15:19:45.147Z;2026-01-19;1900..1949;Gennemsnitskurs (manuel);;;;;;;false;;false;;;;Ingen regulering;;false;3;false;;;;;Sluttotal;Ingen
1990;Omsättningstillgångar, totalt;OMSÄTTNINGSTILLGÅNGAR, TOTALT;Sluttotal;;;Aktiver;Balance;Begge;;false;false;false;false;0;1;;;false;false;2026-01-19T15:19:45.157Z;2026-01-19;1400..1990;Gennemsnitskurs (manuel);;;;;;;false;;false;;;;Ingen regulering;;false;2;false;;;;;Sluttotal;Ingen
1995;Tillgångar totalt;TILLGÅNGAR TOTALT;Sluttotal;;;Aktiver;Balance;Begge;;false;false;false;false;1;0;;;false;false;2026-01-19T15:19:45.17Z;2026-01-19;1002..1995;Gennemsnitskurs (manuel);;;;;;;false;;false;;;;Ingen regulering;;false;1;false;;;;;Sluttotal;Ingen
1999;OBS konto;OBS KONTO;Bogføring;;;Aktiver;Balance;Begge;;false;true;true;false;0;0;;;false;false;2026-01-19T15:19:45.197Z;2026-01-19;;Gennemsnitskurs (manuel);;;;;;;false;;false;;;;Ingen regulering;;false;3;false;;;;;Bogføring;Ingen
2000;Eget kapital och skulder;EGET KAPITAL OCH SKULDER;Starttotal;;;;Balance;Begge;;false;false;false;false;1;0;;;false;false;2026-01-19T15:19:45.217Z;2026-01-19;;Gennemsnitskurs (manuel);;;;;;;false;;false;;;;Ingen regulering;;false;;false;;;;;Starttotal;Ingen
2010;Eget kapital delägare;EGET KAPITAL DELÄGARE;Overskrift;;;Egenkapital;Balance;Begge;;false;false;false;false;1;1;;;false;false;2026-01-19T15:19:45.227Z;2026-01-19;;Gennemsnitskurs (manuel);;;;;;;false;;false;;;;Ingen regulering;;false;14;false;;;;;Overskrift;Ingen
2081;Aktiekapital;AKTIEKAPITAL;Bogføring;;;Egenkapital;Balance;Begge;;false;true;false;false;0;1;;;false;false;2026-01-19T15:19:45.237Z;2026-01-19;;Gennemsnitskurs (manuel);;;;;;;false;;false;;;;Ingen regulering;;false;15;false;;;;;Bogføring;Ingen
2085;Uppskjuten skatt;UPPSKJUTEN SKATT;Bogføring;;;Passiver;Balance;Begge;;false;true;false;false;0;1;;;false;false;2026-01-19T15:19:45.247Z;2026-01-19;;Gennemsnitskurs (manuel);;;;;;;false;;false;;;;Ingen regulering;;false;11;false;;;;;Bogføring;Ingen
2091;Balanserad vinst eller förlust;BALANSERAD VINST ELLER FÖRLUST;Bogføring;;;Egenkapital;Balance;Begge;;false;true;false;false;0;1;;;false;false;2026-01-19T15:19:45.26Z;2026-01-19;;Gennemsnitskurs (manuel);;;;;;;false;;false;;;;Ingen regulering;;false;16;false;;;;;Bogføring;Ingen
2095;Eget kapital delägare totalt;EGET KAPITAL DELÄGARE TOTALT;Total;;;Egenkapital;Balance;Begge;;false;false;false;false;0;1;;;false;false;2026-01-19T15:19:45.27Z;2026-01-19;2010..2099|3000..8999;Gennemsnitskurs (manuel);;;;;;;false;;false;;;;Ingen regulering;;false;15;false;;;;;Total;Ingen
2099;Årets resultat;ÅRETS RESULTAT;Bogføring;;;Aktiver;Balance;Begge;;false;true;true;false;0;1;;;false;false;2026-01-19T15:19:45.287Z;2026-01-19;;Gennemsnitskurs (manuel);;;;;;;false;;false;;;;Ingen regulering;;false;3;false;;;;;Bogføring;Ingen
2211;Skatteskulder;SKATTESKULDER;Bogføring;;;Passiver;Balance;Begge;;false;true;false;false;0;1;;;false;false;2026-01-19T15:19:45.297Z;2026-01-19;;Gennemsnitskurs (manuel);;;;;;;false;;false;;;;Ingen regulering;;false;11;false;;;;;Bogføring;Ingen
2300;Långfristiga skulder;LÅNGFRISTIGA SKULDER;Starttotal;;;Passiver;Balance;Begge;;false;false;false;false;0;1;;;false;false;2026-01-19T15:19:45.307Z;2026-01-19;;Gennemsnitskurs (manuel);;;;;;;false;;false;;;;Ingen regulering;;false;13;false;;;;;Starttotal;Ingen
2330;Checkkredit;CHECKKREDIT;Bogføring;;;Passiver;Balance;Begge;;false;true;true;false;0;2;;;false;false;2026-01-19T15:19:45.313Z;2026-01-19;;Gennemsnitskurs (manuel);;;;;;;false;;false;;;;Ingen regulering;;false;13;false;;;;;Bogføring;Ingen
2352;Hypotek;HYPOTEK;Bogføring;;;Passiver;Balance;Begge;;false;true;false;false;0;2;;;false;false;2026-01-19T15:19:45.323Z;2026-01-19;;Gennemsnitskurs (manuel);;;;;;;false;;false;;;;Ingen regulering;;false;13;false;;;;;Bogføring;Ingen
2359;Långfristiga skulder kreditins;LÅNGFRISTIGA SKULDER KREDITINS;Bogføring;;;Passiver;Balance;Begge;;false;true;false;false;0;2;;;false;false;2026-01-19T15:19:45.337Z;2026-01-19;;Gennemsnitskurs (manuel);;;;;;;false;;false;;;;Ingen regulering;;false;13;false;;;;;Bogføring;Ingen
2399;Långfristiga skulder totalt;LÅNGFRISTIGA SKULDER TOTALT;Sluttotal;;;Passiver;Balance;Begge;;false;false;false;false;0;1;;;false;false;2026-01-19T15:19:45.347Z;2026-01-19;2300..2399;Gennemsnitskurs (manuel);;;;;;;false;;false;;;;Ingen regulering;;false;13;false;;;;;Sluttotal;Ingen
2400;Kortfristiga skulder;KORTFRISTIGA SKULDER;Starttotal;;;Passiver;Balance;Begge;;false;false;false;false;0;1;;;false;false;2026-01-19T15:19:45.36Z;2026-01-19;;Gennemsnitskurs (manuel);;;;;;;false;;false;;;;Ingen regulering;;false;11;false;;;;;Starttotal;Ingen
2435;Leverantörsreskontra;LEVERANTÖRSRESKONTRA;Starttotal;;;Passiver;Balance;Begge;;false;false;false;false;0;2;;;false;false;2026-01-19T15:19:45.367Z;2026-01-19;;Gennemsnitskurs (manuel);;;;;;;false;;false;;;;Ingen regulering;;false;11;false;;;;;Starttotal;Ingen
2440;Leverantörsskulder;LEVERANTÖRSSKULDER;Bogføring;;;Passiver;Balance;Begge;;false;true;false;false;0;3;;;false;false;2026-01-19T15:19:45.38Z;2026-01-19;;Gennemsnitskurs (manuel);;;;;;;false;;false;;;;Ingen regulering;;false;11;false;;;;;Bogføring;Ingen
2441;Leverantörsskulder inrikes;LEVERANTÖRSSKULDER INRIKES;Bogføring;;;Passiver;Balance;Begge;;false;true;false;false;0;3;;;false;false;2026-01-19T15:19:45.39Z;2026-01-19;;Gennemsnitskurs (manuel);;;;;;;false;;false;;;;Ingen regulering;;false;11;false;;;;;Bogføring;Ingen
2442;Leverantörsskulder utländska;LEVERANTÖRSSKULDER UTLÄNDSKA;Bogføring;;;Passiver;Balance;Begge;;false;true;false;false;0;3;;;false;false;2026-01-19T15:19:45.403Z;2026-01-19;;Gennemsnitskurs (manuel);;;;;;;false;;false;;;;Ingen regulering;;false;11;false;;;;;Bogføring;Ingen
2448;Gavekort Kunder;GAVEKORT KUNDER;Bogføring;;;Passiver;Balance;Begge;;false;true;false;false;0;3;;;false;false;2026-02-18T04:02:52.867Z;2026-02-18;;Gennemsnitskurs (manuel);;;;;NO VAT;;false;;false;;;INGEN MOMS;Ingen regulering;;false;11;false;;;;;Bogføring;Ingen
2449;Leverantörsskulder, totalt;LEVERANTÖRSSKULDER, TOTALT;Sluttotal;;;Passiver;Balance;Begge;;false;false;false;false;0;2;;;false;false;2026-01-19T15:19:45.41Z;2026-01-19;2435..2449;Gennemsnitskurs (manuel);;;;;;;false;;false;;;;Ingen regulering;;false;11;false;;;;;Sluttotal;Ingen
2510;Övrig skatteskuld;ÖVRIG SKATTESKULD;Bogføring;;;Passiver;Balance;Begge;;false;true;false;false;0;2;;;false;false;2026-01-19T15:19:45.42Z;2026-01-19;;Gennemsnitskurs (manuel);;;;;;;false;;false;;;;Ingen regulering;;false;11;false;;;;;Bogføring;Ingen
2600;Lagerjust. (interim);LAGERJUST. (INTERIM);Starttotal;;;Passiver;Balance;Begge;;false;false;false;false;0;2;;;false;false;2026-01-19T15:19:45.43Z;2026-01-19;;Gennemsnitskurs (manuel);;;;;;;false;;false;;;;Ingen regulering;;false;11;false;;;;;Starttotal;Ingen
2610;Utgående moms 25 %;UTGÅENDE MOMS 25 %;Bogføring;;;Passiver;Balance;Begge;;false;true;false;false;0;3;;;false;false;2026-01-19T15:19:45.443Z;2026-01-19;;Gennemsnitskurs (manuel);;;;;;;false;;false;;;;Ingen regulering;;false;11;false;;;;;Bogføring;Ingen
2615;Ingående moms 25 % EU;INGÅENDE MOMS 25 % EU;Bogføring;;;Passiver;Balance;Begge;;false;true;false;false;0;3;;;false;false;2026-01-19T15:19:45.45Z;2026-01-19;;Gennemsnitskurs (manuel);;;;;;;false;;false;;;;Ingen regulering;;false;11;false;;;;;Bogføring;Ingen
2617;Utg. moms omv. skattskyldighet;UTG. MOMS OMV. SKATTSKYLDIGHET;Bogføring;;;Aktiver;Balance;Begge;;false;true;false;false;0;3;;;false;false;2026-01-19T15:19:45.457Z;2026-01-19;;Gennemsnitskurs (manuel);;;;;;;false;;false;;;;Ingen regulering;;false;4;false;;;;;Bogføring;Ingen
2620;Utgående moms 12 %;UTGÅENDE MOMS 12 %;Bogføring;;;Passiver;Balance;Begge;;false;true;false;false;0;3;;;false;false;2026-01-19T15:19:45.467Z;2026-01-19;;Gennemsnitskurs (manuel);;;;;;;false;;false;;;;Ingen regulering;;false;11;false;;;;;Bogføring;Ingen
2630;Utgående moms 6 %;UTGÅENDE MOMS 6 %;Bogføring;;;Passiver;Balance;Begge;;false;true;false;false;0;3;;;false;false;2026-01-19T15:19:45.48Z;2026-01-19;;Gennemsnitskurs (manuel);;;;;;;false;;false;;;;Ingen regulering;;false;11;false;;;;;Bogføring;Ingen
2640;Ingående moms 25 %;INGÅENDE MOMS 25 %;Bogføring;;;Aktiver;Balance;Begge;;false;true;false;false;0;3;;;false;false;2026-01-19T15:19:45.49Z;2026-01-19;;Gennemsnitskurs (manuel);;;;;;;false;;false;;;;Ingen regulering;;false;4;false;;;;;Bogføring;Ingen
2641;Endast moms;ENDAST MOMS;Bogføring;;;Aktiver;Balance;Begge;;false;true;false;false;0;3;;;false;false;2026-01-19T15:19:45.497Z;2026-01-19;;Gennemsnitskurs (manuel);;;;;ONLY;;false;;false;;;ONLY;Ingen regulering;;false;4;false;;;;;Bogføring;Ingen
2642;Ingående moms 12 %;INGÅENDE MOMS 12 %;Bogføring;;;Aktiver;Balance;Begge;;false;true;false;false;0;3;;;false;false;2026-01-19T15:19:45.52Z;2026-01-19;;Gennemsnitskurs (manuel);;;;;;;false;;false;;;;Ingen regulering;;false;4;false;;;;;Bogføring;Ingen
2643;Ingående moms 12 % inom EU;INGÅENDE MOMS 12 % INOM EU;Bogføring;;;Aktiver;Balance;Begge;;false;true;false;false;0;3;;;false;false;2026-01-19T15:19:45.53Z;2026-01-19;;Gennemsnitskurs (manuel);;;;;;;false;;false;;;;Ingen regulering;;false;4;false;;;;;Bogføring;Ingen
2644;Ing. moms omv. skattskyldighet;ING. MOMS OMV. SKATTSKYLDIGHET;Bogføring;;;Aktiver;Balance;Begge;;false;true;false;false;0;3;;;false;false;2026-01-19T15:19:45.537Z;2026-01-19;;Gennemsnitskurs (manuel);;;;;;;false;;false;;;;Ingen regulering;;false;4;false;;;;;Bogføring;Ingen
2645;Moms totalt;MOMS TOTALT;Sluttotal;;;Passiver;Balance;Begge;;false;false;false;false;0;2;;;false;false;2026-01-19T15:19:45.55Z;2026-01-19;2600..2645;Gennemsnitskurs (manuel);;;;;;;false;;false;;;;Ingen regulering;;false;11;false;;;;;Sluttotal;Ingen
2650;Moms att betala;MOMS ATT BETALA;Bogføring;;;Aktiver;Balance;Begge;;false;true;false;false;0;2;;;false;false;2026-01-19T15:19:45.563Z;2026-01-19;;Gennemsnitskurs (manuel);;;;;;;false;;false;;;;Ingen regulering;;false;4;false;;;;;Bogføring;Ingen
2670;Skatt elektricitet;SKATT ELEKTRICITET;Bogføring;;;Udgift;Resultatopgørelse;Begge;;false;true;false;false;0;2;;;false;false;2026-01-19T15:19:45.577Z;2026-01-19;;Gennemsnitskurs (manuel);;;;;;;false;;false;;;;Ingen regulering;;false;43;false;;;;;Bogføring;Ingen
2671;Skatt naturgas;SKATT NATURGAS;Bogføring;;;Udgift;Resultatopgørelse;Begge;;false;true;false;false;0;2;;;false;false;2026-01-19T15:19:45.587Z;2026-01-19;;Gennemsnitskurs (manuel);;;;;;;false;;false;;;;Ingen regulering;;false;43;false;;;;;Bogføring;Ingen
2672;Skatt kol;SKATT KOL;Bogføring;;;Udgift;Resultatopgørelse;Begge;;false;true;false;false;0;2;;;false;false;2026-01-19T15:19:45.6Z;2026-01-19;;Gennemsnitskurs (manuel);;;;;;;false;;false;;;;Ingen regulering;;false;43;false;;;;;Bogføring;Ingen
2674;Skatt vatten;SKATT VATTEN;Bogføring;;;Udgift;Resultatopgørelse;Begge;;false;true;false;false;0;2;;;false;false;2026-01-19T15:19:45.613Z;2026-01-19;;Gennemsnitskurs (manuel);;;;;;;false;;false;;;;Ingen regulering;;false;43;false;;;;;Bogføring;Ingen
2679;Moms redovisningskonto;MOMS REDOVISNINGSKONTO;Bogføring;;;Passiver;Balance;Begge;;false;true;false;false;0;2;;;false;false;2026-01-19T15:19:45.623Z;2026-01-19;;Gennemsnitskurs (manuel);;;;;;;false;;false;;;;Ingen regulering;;false;11;false;;;;;Bogføring;Ingen
2711;Innehållen personalskatt;INNEHÅLLEN PERSONALSKATT;Bogføring;;;Passiver;Balance;Begge;;false;true;false;false;0;2;;;false;false;2026-01-19T15:19:45.633Z;2026-01-19;;Gennemsnitskurs (manuel);;;;;;;false;;false;;;;Ingen regulering;;false;12;false;;;;;Bogføring;Ingen
2718;Betald personalskatt;BETALD PERSONALSKATT;Bogføring;;;Passiver;Balance;Begge;;false;true;false;false;0;2;;;false;false;2026-01-19T15:19:45.643Z;2026-01-19;;Gennemsnitskurs (manuel);;;;;;;false;;false;;;;Ingen regulering;;false;12;false;;;;;Bogføring;Ingen
2890;Övriga skulder;ÖVRIGA SKULDER;Starttotal;;;Passiver;Balance;Begge;;false;false;false;false;0;2;;;false;false;2026-01-19T15:19:45.653Z;2026-01-19;;Gennemsnitskurs (manuel);;;;;;;false;;false;;;;Ingen regulering;;false;11;false;;;;;Starttotal;Ingen
2980;Övriga skulder totalt;ÖVRIGA SKULDER TOTALT;Sluttotal;;;Passiver;Balance;Begge;;false;false;false;false;0;2;;;false;false;2026-01-19T15:19:45.667Z;2026-01-19;2890..2980;Gennemsnitskurs (manuel);;;;;;;false;;false;;;;Ingen regulering;;false;11;false;;;;;Sluttotal;Ingen
2990;Upplupna kostnader;UPPLUPNA KOSTNADER;Bogføring;;;Passiver;Balance;Begge;;false;true;false;false;0;2;;;false;false;2026-01-19T15:19:45.68Z;2026-01-19;;Gennemsnitskurs (manuel);;;;;;;false;;false;;;;Ingen regulering;;false;11;false;;;;;Bogføring;Ingen
2993;Inlev. ej fakturerade;INLEV. EJ FAKTURERADE;Bogføring;;;Passiver;Balance;Begge;;false;true;false;false;0;2;;;false;false;2026-01-19T15:19:45.697Z;2026-01-19;;Gennemsnitskurs (manuel);;;;;;;false;;false;;;;Ingen regulering;;false;11;false;;;;;Bogføring;Ingen
2995;Kortfristiga skulder, totalt;KORTFRISTIGA SKULDER, TOTALT;Sluttotal;;;Passiver;Balance;Begge;;false;false;false;false;0;1;;;false;false;2026-01-19T15:19:45.707Z;2026-01-19;2400..2995;Gennemsnitskurs (manuel);;;;;;;false;;false;;;;Ingen regulering;;false;11;false;;;;;Sluttotal;Ingen
2996;Andra upplupna kostnader och uppskjutna intäkter;ANDRA UPPLUPNA KOSTNADER OCH UPPSKJUTNA INTÄKTER;Bogføring;;;Passiver;Balance;Begge;;false;true;false;false;0;1;;;false;false;2026-01-19T15:19:45.717Z;2026-01-19;;Gennemsnitskurs (manuel);;;;;;;false;;false;;;;Ingen regulering;;false;10;false;;;;;Bogføring;Ingen
2997;Skulder totalt;SKULDER TOTALT;Sluttotal;;;Passiver;Balance;Begge;;false;false;false;false;0;0;;;false;false;2026-01-19T15:19:45.727Z;2026-01-19;2000..2997;Gennemsnitskurs (manuel);;;;;;;false;;false;;;;Ingen regulering;;false;10;false;;;;;Sluttotal;Ingen
2999;SUMMA SKULDER OCH EGET KAPITAL;SUMMA SKULDER OCH EGET KAPITAL;Total;;;Passiver;Balance;Begge;;false;false;false;true;1;0;;;false;false;2026-01-19T15:19:45.733Z;2026-01-19;2000..2999|3000..8999;Gennemsnitskurs (manuel);;;;;;;false;;false;;;;Ingen regulering;;false;10;false;;;;;Total;Ingen
3000;RESULTATRÄKNING;RESULTATRÄKNING;Overskrift;;;;Resultatopgørelse;Begge;;false;false;false;false;0;0;;;false;false;2026-01-19T15:19:45.747Z;2026-01-19;;Gennemsnitskurs (manuel);;;;;;;false;;false;;;;Ingen regulering;;false;;false;;;;;Overskrift;Ingen
3002;Intäkt;INTÄKT;Starttotal;;;Indkomst;Resultatopgørelse;Begge;;false;false;false;false;1;0;;;false;false;2026-01-19T15:19:45.76Z;2026-01-19;;Gennemsnitskurs (manuel);;;;;;;false;;false;;;;Ingen regulering;;false;18;false;;;;;Starttotal;Ingen
3050;Försäljning varor;FÖRSÄLJNING VAROR;Starttotal;;;Indkomst;Resultatopgørelse;Begge;;false;false;false;false;0;1;;;false;false;2026-01-19T15:19:45.767Z;2026-01-19;;Gennemsnitskurs (manuel);;;;;;;false;;false;;;;Ingen regulering;;false;20;false;;;;;Starttotal;Ingen
3051;Försäljning varor inom Sverige;FÖRSÄLJNING VAROR INOM SVERIGE;Bogføring;;;Indkomst;Resultatopgørelse;Begge;;false;true;false;false;0;2;;;false;false;2026-01-19T15:19:45.78Z;2026-01-19;;Gennemsnitskurs (manuel);;;Salg;INRIKES;DETALJ;;false;;false;;INRIKES;VAT25;Ingen regulering;;false;20;false;;;;;Bogføring;Ingen
3055;Försäljning varor utom EU;FÖRSÄLJNING VAROR UTOM EU;Bogføring;;;Indkomst;Resultatopgørelse;Begge;;false;true;false;false;0;2;;;false;false;2026-01-19T15:19:45.787Z;2026-01-19;;Gennemsnitskurs (manuel);;;Salg;EXPORT;DETALJ;;false;;false;;EXPORT;VAT25;Ingen regulering;;false;20;false;;;;;Bogføring;Ingen
3056;Försäljning varor inom EU;FÖRSÄLJNING VAROR INOM EU;Bogføring;;;Indkomst;Resultatopgørelse;Begge;;false;true;false;false;0;2;;;false;false;2026-01-19T15:19:45.797Z;2026-01-19;;Gennemsnitskurs (manuel);;;Salg;EU;DETALJ;;false;;false;;EU;VAT25;Ingen regulering;;false;20;false;;;;;Bogføring;Ingen
3057;Projektförs. kopplade varor;PROJEKTFÖRS. KOPPLADE VAROR;Bogføring;;;Indkomst;Resultatopgørelse;Begge;;false;true;false;false;0;2;;;false;false;2026-01-19T15:19:45.807Z;2026-01-19;;Gennemsnitskurs (manuel);;;;;;;false;;false;;;;Ingen regulering;;false;20;false;;;;;Bogføring;Ingen
3059;Försäljning varor totalt;FÖRSÄLJNING VAROR TOTALT;Sluttotal;;;Indkomst;Resultatopgørelse;Begge;;false;false;false;false;0;1;;;false;false;2026-01-19T15:19:45.82Z;2026-01-19;3050..3059;Gennemsnitskurs (manuel);;;;;;;false;;false;;;;Ingen regulering;;false;20;false;;;;;Sluttotal;Ingen
3060;Försäljning av råmaterial;FÖRSÄLJNING AV RÅMATERIAL;Starttotal;;;Indkomst;Resultatopgørelse;Begge;;false;false;false;false;0;1;;;false;false;2026-01-19T15:19:45.83Z;2026-01-19;;Gennemsnitskurs (manuel);;;;;;;false;;false;;;;Ingen regulering;;false;20;false;;;;;Starttotal;Ingen
3061;Försäljning råmaterial inom SE;FÖRSÄLJNING RÅMATERIAL INOM SE;Bogføring;;;Indkomst;Resultatopgørelse;Begge;;false;true;false;false;0;2;;;false;false;2026-01-19T15:19:45.84Z;2026-01-19;;Gennemsnitskurs (manuel);;;Salg;INRIKES;RÅMAT;;false;;false;;INRIKES;VAT25;Ingen regulering;;false;20;false;;;;;Bogføring;Ingen
3065;Försäljning råmaterial utom EU;FÖRSÄLJNING RÅMATERIAL UTOM EU;Bogføring;;;Indkomst;Resultatopgørelse;Begge;;false;true;false;false;0;2;;;false;false;2026-01-19T15:19:45.853Z;2026-01-19;;Gennemsnitskurs (manuel);;;Salg;EXPORT;RÅMAT;;false;;false;;EXPORT;VAT25;Ingen regulering;;false;20;false;;;;;Bogføring;Ingen
3066;Försäljning råmaterial inom EU;FÖRSÄLJNING RÅMATERIAL INOM EU;Bogføring;;;Indkomst;Resultatopgørelse;Begge;;false;true;false;false;0;2;;;false;false;2026-01-19T15:19:45.863Z;2026-01-19;;Gennemsnitskurs (manuel);;;Salg;EU;RÅMAT;;false;;false;;EU;VAT25;Ingen regulering;;false;20;false;;;;;Bogføring;Ingen
3067;Projektförs. kopplat råmat.;PROJEKTFÖRS. KOPPLAT RÅMAT.;Bogføring;;;Indkomst;Resultatopgørelse;Begge;;false;true;false;false;0;2;;;false;false;2026-01-19T15:19:45.873Z;2026-01-19;;Gennemsnitskurs (manuel);;;;;;;false;;false;;;;Ingen regulering;;false;20;false;;;;;Bogføring;Ingen
3069;Försäljning råmaterial totalt;FÖRSÄLJNING RÅMATERIAL TOTALT;Sluttotal;;;Indkomst;Resultatopgørelse;Begge;;false;false;false;false;0;1;;;false;false;2026-01-19T15:19:45.883Z;2026-01-19;3060..3069;Gennemsnitskurs (manuel);;;;;;;false;;false;;;;Ingen regulering;;false;20;false;;;;;Sluttotal;Ingen
3070;Försäljning resurser;FÖRSÄLJNING RESURSER;Starttotal;;;Indkomst;Resultatopgørelse;Begge;;false;false;false;false;0;1;;;false;false;2026-01-19T15:19:45.893Z;2026-01-19;;Gennemsnitskurs (manuel);;;;;;;false;;false;;;;Ingen regulering;;false;18;false;;;;;Starttotal;Ingen
3071;Försäljning resurser inom SE;FÖRSÄLJNING RESURSER INOM SE;Bogføring;;;Indkomst;Resultatopgørelse;Begge;;false;true;false;false;0;2;;;false;false;2026-01-19T15:19:45.903Z;2026-01-19;;Gennemsnitskurs (manuel);;;Salg;INRIKES;TJÄNSTER;;false;;false;;INRIKES;VAT12;Ingen regulering;;false;19;false;;;;;Bogføring;Ingen
3075;Försäljning resurser utom EU;FÖRSÄLJNING RESURSER UTOM EU;Bogføring;;;Indkomst;Resultatopgørelse;Begge;;false;true;false;false;0;2;;;false;false;2026-01-19T15:19:45.913Z;2026-01-19;;Gennemsnitskurs (manuel);;;Salg;EXPORT;TJÄNSTER;;false;;false;;EXPORT;VAT12;Ingen regulering;;false;19;false;;;;;Bogføring;Ingen
3076;Försäljning resurser inom EU;FÖRSÄLJNING RESURSER INOM EU;Bogføring;;;Indkomst;Resultatopgørelse;Begge;;false;true;false;false;0;2;;;false;false;2026-01-19T15:19:45.92Z;2026-01-19;;Gennemsnitskurs (manuel);;;Salg;EU;TJÄNSTER;;false;;false;;EU;VAT12;Ingen regulering;;false;19;false;;;;;Bogføring;Ingen
3077;Projektförs. kopplade resurser;PROJEKTFÖRS. KOPPLADE RESURSER;Bogføring;;;Indkomst;Resultatopgørelse;Begge;;false;true;false;false;0;2;;;false;false;2026-01-19T15:19:45.933Z;2026-01-19;;Gennemsnitskurs (manuel);;;;;;;false;;false;;;;Ingen regulering;;false;19;false;;;;;Bogføring;Ingen
3079;Försäljning resurser totalt;FÖRSÄLJNING RESURSER TOTALT;Sluttotal;;;Indkomst;Resultatopgørelse;Begge;;false;false;false;false;0;1;;;false;false;2026-01-19T15:19:45.943Z;2026-01-19;3070..3079;Gennemsnitskurs (manuel);;;;;;;false;;false;;;;Ingen regulering;;false;19;false;;;;;Sluttotal;Ingen
3080;Försäljning projekt;FÖRSÄLJNING PROJEKT;Starttotal;;;Indkomst;Resultatopgørelse;Begge;;false;false;false;false;0;1;;;false;false;2026-01-19T15:19:45.957Z;2026-01-19;;Gennemsnitskurs (manuel);;;;;;;false;;false;;;;Ingen regulering;;false;19;false;;;;;Starttotal;Ingen
3081;Försäljning projekt övrigt;FÖRSÄLJNING PROJEKT ÖVRIGT;Bogføring;;;Indkomst;Resultatopgørelse;Begge;;false;true;false;false;0;2;;;false;false;2026-01-19T15:19:45.967Z;2026-01-19;;Gennemsnitskurs (manuel);;;Salg;INRIKES;DIV;;false;;false;;INRIKES;VAT25;Ingen regulering;;false;19;false;;;;;Bogføring;Ingen
3085;Projektförsäljning;PROJEKTFÖRSÄLJNING;Bogføring;;;Indkomst;Resultatopgørelse;Begge;;false;true;false;false;0;2;;;false;false;2026-01-19T15:19:45.977Z;2026-01-19;;Gennemsnitskurs (manuel);;;;;;;false;;false;;;;Ingen regulering;;false;19;false;;;;;Bogføring;Ingen
3089;Försäljning projekt totalt;FÖRSÄLJNING PROJEKT TOTALT;Sluttotal;;;Indkomst;Resultatopgørelse;Begge;;false;false;false;false;0;1;;;false;false;2026-01-19T15:19:45.987Z;2026-01-19;3080..3089;Gennemsnitskurs (manuel);;;;;;;false;;false;;;;Ingen regulering;;false;19;false;;;;;Sluttotal;Ingen
3090;Konsultation inom Sverige;KONSULTATION INOM SVERIGE;Bogføring;;;Indkomst;Resultatopgørelse;Begge;;false;true;false;false;0;1;;;false;false;2026-01-19T15:19:45.997Z;2026-01-19;;Gennemsnitskurs (manuel);;;Salg;INRIKES;TJÄNSTER;;false;;false;;INRIKES;VAT12;Ingen regulering;;false;19;false;;;;;Bogføring;Ingen
3091;Försäljning servicekontrakt;FÖRSÄLJNING SERVICEKONTRAKT;Bogføring;;;Indkomst;Resultatopgørelse;Begge;;false;true;false;false;0;1;;;false;false;2026-01-19T15:19:46.007Z;2026-01-19;;Gennemsnitskurs (manuel);;;;INRIKES;TJÄNSTER;;false;;false;;INRIKES;VAT12;Ingen regulering;;false;;false;;;;;Bogføring;Ingen
3095;Övriga fakturerade kostnader;ÖVRIGA FAKTURERADE KOSTNADER;Bogføring;;;Indkomst;Resultatopgørelse;Begge;;false;true;false;false;0;1;;;false;false;2026-01-19T15:19:46.017Z;2026-01-19;;Gennemsnitskurs (manuel);;;Salg;INRIKES;DIV;;false;;false;;INRIKES;VAT25;Ingen regulering;;false;19;false;;;;;Bogføring;Ingen
3098;Intäktsreduktioner;INTÄKTSREDUKTIONER;Bogføring;;;Indkomst;Resultatopgørelse;Begge;;false;true;false;false;0;1;;;false;false;2026-01-19T15:19:46.027Z;2026-01-19;;Gennemsnitskurs (manuel);;;;;;;false;;false;;;;Ingen regulering;;false;19;false;;;;;Bogføring;Ingen
3731;Lämnade kassarabatter;LÄMNADE KASSARABATTER;Bogføring;;;Indkomst;Resultatopgørelse;Begge;;false;true;false;false;0;1;;;false;false;2026-01-19T15:19:46.037Z;2026-01-19;;Gennemsnitskurs (manuel);;;;;;;false;;false;;;;Ingen regulering;;false;22;false;;;;;Bogføring;Ingen
3732;Lämnade kassarabatter 2;LÄMNADE KASSARABATTER 2;Bogføring;;;Omkostning ved solgte varer;Resultatopgørelse;Begge;;false;true;false;false;0;1;;;false;false;2026-01-19T15:19:46.047Z;2026-01-19;;Gennemsnitskurs (manuel);;;;;;;false;;false;;;;Ingen regulering;;false;29;false;;;;;Bogføring;Ingen
3740;Öresavrundning;ÖRESAVRUNDNING;Bogføring;;;Indkomst;Resultatopgørelse;Begge;;false;true;false;false;0;1;;;false;false;2026-01-19T15:19:46.057Z;2026-01-19;;Gennemsnitskurs (manuel);;;;INRIKES;NO VAT;;false;;false;;INRIKES;INGEN MOMS;Ingen regulering;;false;18;false;;;;;Bogføring;Ingen
3999;Totala intäkter;TOTALA INTÄKTER;Sluttotal;;;Indkomst;Resultatopgørelse;Begge;;false;false;false;false;0;0;;;false;false;2026-01-19T15:19:46.08Z;2026-01-19;3002..3999;Gennemsnitskurs (manuel);;;;;;;false;;false;;;;Ingen regulering;;false;18;false;;;;;Sluttotal;Ingen
4000;Inköp varor;INKÖP VAROR;Bogføring;;;Omkostning ved solgte varer;Resultatopgørelse;Begge;;false;true;false;false;0;0;;;false;false;2026-01-19T15:19:46.097Z;2026-01-19;;Gennemsnitskurs (manuel);;;Køb;INRIKES;DETALJ;;false;;false;;INRIKES;VAT25;Ingen regulering;;false;26;false;;;;;Bogføring;Ingen
4001;Kostnader;KOSTNADER;Starttotal;;;Omkostning ved solgte varer;Resultatopgørelse;Begge;;false;false;false;false;1;0;;;false;false;2026-01-19T15:19:46.117Z;2026-01-19;;Gennemsnitskurs (manuel);;;;;;;false;;false;;;;Ingen regulering;;false;26;false;;;;;Starttotal;Ingen
4002;Inköp av varor;INKÖP AV VAROR;Starttotal;;;Omkostning ved solgte varer;Resultatopgørelse;Begge;;false;false;false;false;0;1;;;false;false;2026-01-19T15:19:46.127Z;2026-01-19;;Gennemsnitskurs (manuel);;;;;;;false;;false;;;;Ingen regulering;;false;26;false;;;;;Starttotal;Ingen
4051;Inköp av varor inom Sverige;INKÖP AV VAROR INOM SVERIGE;Bogføring;;;Omkostning ved solgte varer;Resultatopgørelse;Begge;;false;true;false;false;0;2;;;false;false;2026-01-19T15:19:46.137Z;2026-01-19;;Gennemsnitskurs (manuel);;;Køb;INRIKES;DETALJ;;false;;false;;INRIKES;VAT25;Ingen regulering;;false;26;false;;;;;Bogføring;Ingen
4055;Inköp varor utom EU;INKÖP VAROR UTOM EU;Bogføring;;;Omkostning ved solgte varer;Resultatopgørelse;Begge;;false;true;false;false;0;2;;;false;false;2026-01-19T15:19:46.147Z;2026-01-19;;Gennemsnitskurs (manuel);;;Køb;EXPORT;DETALJ;;false;;false;;EXPORT;VAT25;Ingen regulering;;false;26;false;;;;;Bogføring;Ingen
4056;Inköp av varor EU;INKÖP AV VAROR EU;Bogføring;;;Omkostning ved solgte varer;Resultatopgørelse;Begge;;false;true;false;false;0;2;;;false;false;2026-01-19T15:19:46.157Z;2026-01-19;;Gennemsnitskurs (manuel);;;Køb;EU;DETALJ;;false;;false;;EU;VAT25;Ingen regulering;;false;26;false;;;;;Bogføring;Ingen
4058;Anskaff.kost. varor (interim);ANSKAFF.KOST. VAROR (INTERIM);Bogføring;;;Omkostning ved solgte varer;Resultatopgørelse;Begge;;false;true;false;false;0;2;;;false;false;2026-01-19T15:19:46.163Z;2026-01-19;;Gennemsnitskurs (manuel);;;;;;;false;;false;;;;Ingen regulering;;false;26;false;;;;;Bogføring;Ingen
4059;Anskaffningskostnad varor;ANSKAFFNINGSKOSTNAD VAROR;Bogføring;;;Omkostning ved solgte varer;Resultatopgørelse;Begge;;false;true;false;false;0;2;;;false;false;2026-01-19T15:19:46.173Z;2026-01-19;;Gennemsnitskurs (manuel);;;;;;;false;;false;;;;Ingen regulering;;false;26;false;;;;;Bogføring;Ingen
4060;Förändring lager varor;FÖRÄNDRING LAGER VAROR;Bogføring;;;Omkostning ved solgte varer;Resultatopgørelse;Begge;;false;true;false;false;0;2;;;false;false;2026-01-19T15:19:46.183Z;2026-01-19;;Gennemsnitskurs (manuel);;;;;;;false;;false;;;;Ingen regulering;;false;26;false;;;;;Bogføring;Ingen
4061;Förändring lager varor interim;FÖRÄNDRING LAGER VAROR INTERIM;Bogføring;;;Omkostning ved solgte varer;Resultatopgørelse;Begge;;false;true;false;false;0;2;;;false;false;2026-01-19T15:19:46.193Z;2026-01-19;;Gennemsnitskurs (manuel);;;;;;;false;;false;;;;Ingen regulering;;false;26;false;;;;;Bogføring;Ingen
4065;Projektkostn. kopplade varor;PROJEKTKOSTN. KOPPLADE VAROR;Bogføring;;;Omkostning ved solgte varer;Resultatopgørelse;Begge;;false;true;false;false;0;2;;;false;false;2026-01-19T15:19:46.203Z;2026-01-19;;Gennemsnitskurs (manuel);;;;;;;false;;false;;;;Ingen regulering;;false;30;false;;;;;Bogføring;Ingen
4070;Erhållna rabatter;ERHÅLLNA RABATTER;Bogføring;;;Indkomst;Resultatopgørelse;Begge;;false;true;false;false;0;2;;;false;false;2026-01-19T15:19:46.217Z;2026-01-19;;Gennemsnitskurs (manuel);;;;;;;false;;false;;;;Ingen regulering;;false;22;false;;;;;Bogføring;Ingen
4080;Frakter, transporter, förs.;FRAKTER, TRANSPORTER, FÖRS.;Bogføring;;;Omkostning ved solgte varer;Resultatopgørelse;Begge;;false;true;false;false;0;2;;;false;false;2026-01-19T15:19:46.227Z;2026-01-19;;Gennemsnitskurs (manuel);;;Køb;INRIKES;DIV;;false;;false;;INRIKES;VAT25;Ingen regulering;;false;26;false;;;;;Bogføring;Ingen
4091;Direkt kostnad kopplade varor;DIREKT KOSTNAD KOPPLADE VAROR;Bogføring;;;Omkostning ved solgte varer;Resultatopgørelse;Begge;;false;true;false;false;0;2;;;false;false;2026-01-19T15:19:46.233Z;2026-01-19;;Gennemsnitskurs (manuel);;;;;;;false;;false;;;;Ingen regulering;;false;;false;;;;;Bogføring;Ingen
4092;Omkostnad kopplade varor;OMKOSTNAD KOPPLADE VAROR;Bogføring;;;Omkostning ved solgte varer;Resultatopgørelse;Begge;;false;true;false;false;0;2;;;false;false;2026-01-19T15:19:46.243Z;2026-01-19;;Gennemsnitskurs (manuel);;;;;;;false;;false;;;;Ingen regulering;;false;;false;;;;;Bogføring;Ingen
4093;Inköpsvarians varor;INKÖPSVARIANS VAROR;Bogføring;;;Omkostning ved solgte varer;Resultatopgørelse;Begge;;false;true;false;false;0;2;;;false;false;2026-01-19T15:19:46.253Z;2026-01-19;;Gennemsnitskurs (manuel);;;;;;;false;;false;;;;Ingen regulering;;false;;false;;;;;Bogføring;Ingen
4099;Inköp av varor totalt;INKÖP AV VAROR TOTALT;Sluttotal;;;Omkostning ved solgte varer;Resultatopgørelse;Begge;;false;false;false;false;0;1;;;false;false;2026-01-19T15:19:46.263Z;2026-01-19;4002..4099;Gennemsnitskurs (manuel);;;;;;;false;;false;;;;Ingen regulering;;false;28;false;;;;;Sluttotal;Ingen
4100;Inköp av råmaterial;INKÖP AV RÅMATERIAL;Starttotal;;;Omkostning ved solgte varer;Resultatopgørelse;Begge;;false;false;false;false;0;1;;;false;false;2026-01-19T15:19:46.273Z;2026-01-19;;Gennemsnitskurs (manuel);;;;;;;false;;false;;;;Ingen regulering;;false;28;false;;;;;Starttotal;Ingen
4151;Inköp av råmat. inom Sverige;INKÖP AV RÅMAT. INOM SVERIGE;Bogføring;;;Omkostning ved solgte varer;Resultatopgørelse;Begge;;false;true;false;false;0;2;;;false;false;2026-01-19T15:19:46.283Z;2026-01-19;;Gennemsnitskurs (manuel);;;Køb;INRIKES;RÅMAT;;false;;false;;INRIKES;VAT25;Ingen regulering;;false;28;false;;;;;Bogføring;Ingen
4155;Inköp av råmaterial utom EU;INKÖP AV RÅMATERIAL UTOM EU;Bogføring;;;Omkostning ved solgte varer;Resultatopgørelse;Begge;;false;true;false;false;0;2;;;false;false;2026-01-19T15:19:46.293Z;2026-01-19;;Gennemsnitskurs (manuel);;;Køb;EXPORT;RÅMAT;;false;;false;;EXPORT;VAT25;Ingen regulering;;false;28;false;;;;;Bogføring;Ingen
4156;Inköp av råmaterial inom EU;INKÖP AV RÅMATERIAL INOM EU;Bogføring;;;Omkostning ved solgte varer;Resultatopgørelse;Begge;;false;true;false;false;0;2;;;false;false;2026-01-19T15:19:46.3Z;2026-01-19;;Gennemsnitskurs (manuel);;;Køb;EU;RÅMAT;;false;;false;;EU;VAT25;Ingen regulering;;false;28;false;;;;;Bogføring;Ingen
4158;Anskaff.kost. råmat. (interim);ANSKAFF.KOST. RÅMAT. (INTERIM);Bogføring;;;Omkostning ved solgte varer;Resultatopgørelse;Begge;;false;true;false;false;0;2;;;false;false;2026-01-19T15:19:46.313Z;2026-01-19;;Gennemsnitskurs (manuel);;;;;;;false;;false;;;;Ingen regulering;;false;28;false;;;;;Bogføring;Ingen
4159;Anskaffningskost. råmaterial;ANSKAFFNINGSKOST. RÅMATERIAL;Bogføring;;;Omkostning ved solgte varer;Resultatopgørelse;Begge;;false;true;false;false;0;2;;;false;false;2026-01-19T15:19:46.327Z;2026-01-19;;Gennemsnitskurs (manuel);;;;;;;false;;false;;;;Ingen regulering;;false;28;false;;;;;Bogføring;Ingen
4160;Förändring lager råmaterial;FÖRÄNDRING LAGER RÅMATERIAL;Bogføring;;;Omkostning ved solgte varer;Resultatopgørelse;Begge;;false;true;false;false;0;2;;;false;false;2026-01-19T15:19:46.34Z;2026-01-19;;Gennemsnitskurs (manuel);;;;;;;false;;false;;;;Ingen regulering;;false;28;false;;;;;Bogføring;Ingen
4161;Förändring råmat.lager (int.);FÖRÄNDRING RÅMAT.LAGER (INT.);Bogføring;;;Omkostning ved solgte varer;Resultatopgørelse;Begge;;false;true;false;false;0;2;;;false;false;2026-01-19T15:19:46.353Z;2026-01-19;;Gennemsnitskurs (manuel);;;;;;;false;;false;;;;Ingen regulering;;false;28;false;;;;;Bogføring;Ingen
4165;Projektkostn. kopplat råmat.;PROJEKTKOSTN. KOPPLAT RÅMAT.;Bogføring;;;Omkostning ved solgte varer;Resultatopgørelse;Begge;;false;true;false;false;0;2;;;false;false;2026-01-19T15:19:46.363Z;2026-01-19;;Gennemsnitskurs (manuel);;;;;;;false;;false;;;;Ingen regulering;;false;30;false;;;;;Bogføring;Ingen
4170;Erhållna rabatter, råmaterial;ERHÅLLNA RABATTER, RÅMATERIAL;Bogføring;;;Indkomst;Resultatopgørelse;Begge;;false;true;false;false;0;2;;;false;false;2026-01-19T15:19:46.373Z;2026-01-19;;Gennemsnitskurs (manuel);;;;;;;false;;false;;;;Ingen regulering;;false;22;false;;;;;Bogføring;Ingen
4180;Frakter, transp., förs. råmat.;FRAKTER, TRANSP., FÖRS. RÅMAT.;Bogføring;;;Omkostning ved solgte varer;Resultatopgørelse;Begge;;false;true;false;false;0;2;;;false;false;2026-01-19T15:19:46.383Z;2026-01-19;;Gennemsnitskurs (manuel);;;Køb;INRIKES;DIV;;false;;false;;INRIKES;VAT25;Ingen regulering;;false;28;false;;;;;Bogføring;Ingen
4191;Kopplad direkt kostnad, råmaterial;KOPPLAD DIREKT KOSTNAD, RÅMATERIAL;Bogføring;;;Omkostning ved solgte varer;Resultatopgørelse;Begge;;false;true;false;false;0;2;;;false;false;2026-01-19T15:19:46.393Z;2026-01-19;;Gennemsnitskurs (manuel);;;;;;;false;;false;;;;Ingen regulering;;false;;false;;;;;Bogføring;Ingen
4193;Omkostnader kopplade, råmaterial;OMKOSTNADER KOPPLADE, RÅMATERIAL;Bogføring;;;Omkostning ved solgte varer;Resultatopgørelse;Begge;;false;true;false;false;0;2;;;false;false;2026-01-19T15:19:46.407Z;2026-01-19;;Gennemsnitskurs (manuel);;;;;;;false;;false;;;;Ingen regulering;;false;;false;;;;;Bogføring;Ingen
4199;Inköp av råmaterial totalt;INKÖP AV RÅMATERIAL TOTALT;Sluttotal;;;Omkostning ved solgte varer;Resultatopgørelse;Begge;;false;false;false;false;0;1;;;false;false;2026-01-19T15:19:46.44Z;2026-01-19;4100..4199;Gennemsnitskurs (manuel);;;;;;;false;;false;;;;Ingen regulering;;false;28;false;;;;;Sluttotal;Ingen
4250;Projektkostn kopplade resurser;PROJEKTKOSTN KOPPLADE RESURSER;Bogføring;;;Omkostning ved solgte varer;Resultatopgørelse;Begge;;false;true;false;false;0;1;;;false;false;2026-01-19T15:19:46.45Z;2026-01-19;;Gennemsnitskurs (manuel);;;;;;;false;;false;;;;Ingen regulering;;false;27;false;;;;;Bogføring;Ingen
4260;Resurskostnader;RESURSKOSTNADER;Starttotal;;;Omkostning ved solgte varer;Resultatopgørelse;Begge;;false;false;false;false;0;1;;;false;false;2026-01-19T15:19:46.46Z;2026-01-19;;Gennemsnitskurs (manuel);;;;;;;false;;false;;;;Ingen regulering;;false;27;false;;;;;Starttotal;Ingen
4299;Resurskostnader totalt;RESURSKOSTNADER TOTALT;Sluttotal;;;Omkostning ved solgte varer;Resultatopgørelse;Begge;;false;false;false;false;0;1;;;false;false;2026-01-19T15:19:46.47Z;2026-01-19;4260..4299;Gennemsnitskurs (manuel);;;;;;;false;;false;;;;Ingen regulering;;false;27;false;;;;;Sluttotal;Ingen
4300;Projektkostnader;PROJEKTKOSTNADER;Bogføring;;;Omkostning ved solgte varer;Resultatopgørelse;Begge;;false;true;false;false;0;1;;;false;false;2026-01-19T15:19:46.483Z;2026-01-19;;Gennemsnitskurs (manuel);;;;;;;false;;false;;;;Ingen regulering;;false;27;false;;;;;Bogføring;Ingen
4491;Kopplad direkt kostnad, kapacitet;KOPPLAD DIREKT KOSTNAD, KAPACITET;Bogføring;;;Omkostning ved solgte varer;Resultatopgørelse;Begge;;false;true;false;false;0;1;;;false;false;2026-01-19T15:19:46.493Z;2026-01-19;;Gennemsnitskurs (manuel);;;;;;;false;;false;;;;Ingen regulering;;false;;false;;;;;Bogføring;Ingen
4492;Omkostnad kopplad kapacitet;OMKOSTNAD KOPPLAD KAPACITET;Bogføring;;;Omkostning ved solgte varer;Resultatopgørelse;Begge;;false;true;false;false;0;1;;;false;false;2026-01-19T15:19:46.507Z;2026-01-19;;Gennemsnitskurs (manuel);;;;;;;false;;false;;;;Ingen regulering;;false;;false;;;;;Bogføring;Ingen
4493;Inköpsvarians kapacitet;INKÖPSVARIANS KAPACITET;Bogføring;;;Omkostning ved solgte varer;Resultatopgørelse;Begge;;false;true;false;false;0;1;;;false;false;2026-01-19T15:19:46.517Z;2026-01-19;;Gennemsnitskurs (manuel);;;;;;;false;;false;;;;Ingen regulering;;false;;false;;;;;Bogføring;Ingen
4510;Materialvarians;MATERIALVARIANS;Bogføring;;;Omkostning ved solgte varer;Resultatopgørelse;Begge;;false;true;false;false;0;1;;;false;false;2026-01-19T15:19:46.527Z;2026-01-19;;Gennemsnitskurs (manuel);;;;;;;false;;false;;;;Ingen regulering;;false;;false;;;;;Bogføring;Ingen
4515;Varians för material – inte i lager;VARIANS FÖR MATERIAL – INTE I LAGER;Bogføring;;;Omkostning ved solgte varer;Resultatopgørelse;Begge;;false;true;false;false;0;1;;;false;false;2026-01-19T15:19:46.537Z;2026-01-19;;Gennemsnitskurs (manuel);;;;;;;false;;false;;;;Ingen regulering;;false;;false;;;;;Bogføring;Ingen
4520;Kapacitetsvarians;KAPACITETSVARIANS;Bogføring;;;Omkostning ved solgte varer;Resultatopgørelse;Begge;;false;true;false;false;0;1;;;false;false;2026-01-19T15:19:46.547Z;2026-01-19;;Gennemsnitskurs (manuel);;;;;;;false;;false;;;;Ingen regulering;;false;;false;;;;;Bogføring;Ingen
4530;Legotillverkning varians;LEGOTILLVERKNING VARIANS;Bogføring;;;Omkostning ved solgte varer;Resultatopgørelse;Begge;;false;true;false;false;0;1;;;false;false;2026-01-19T15:19:46.557Z;2026-01-19;;Gennemsnitskurs (manuel);;;;;;;false;;false;;;;Ingen regulering;;false;;false;;;;;Bogføring;Ingen
4540;Kapacitetsomkostnadsvarians;KAPACITETSOMKOSTNADSVARIANS;Bogføring;;;Omkostning ved solgte varer;Resultatopgørelse;Begge;;false;true;false;false;0;1;;;false;false;2026-01-19T15:19:46.567Z;2026-01-19;;Gennemsnitskurs (manuel);;;;;;;false;;false;;;;Ingen regulering;;false;;false;;;;;Bogføring;Ingen
4550;Produktionsomkostnadsvarians;PRODUKTIONSOMKOSTNADSVARIANS;Bogføring;;;Omkostning ved solgte varer;Resultatopgørelse;Begge;;false;true;false;false;0;1;;;false;false;2026-01-19T15:19:46.577Z;2026-01-19;;Gennemsnitskurs (manuel);;;;;;;false;;false;;;;Ingen regulering;;false;;false;;;;;Bogføring;Ingen
4599;Total kostnad;TOTAL KOSTNAD;Sluttotal;;;Udgift;Resultatopgørelse;Begge;;false;false;false;false;0;0;;;false;false;2026-01-19T15:19:46.587Z;2026-01-19;4001..4599;Gennemsnitskurs (manuel);;;;;;;false;;false;;;;Ingen regulering;;false;31;false;;;;;Sluttotal;Ingen
4731;Erhållna kassarabatter;ERHÅLLNA KASSARABATTER;Bogføring;;;Indkomst;Resultatopgørelse;Begge;;false;true;false;false;0;0;;;false;false;2026-01-19T15:19:46.597Z;2026-01-19;;Gennemsnitskurs (manuel);;;;;;;false;;false;;;;Ingen regulering;;false;22;false;;;;;Bogføring;Ingen
4732;Erhållna kassarabatter 2;ERHÅLLNA KASSARABATTER 2;Bogføring;;;Omkostning ved solgte varer;Resultatopgørelse;Begge;;false;true;false;false;0;0;;;false;false;2026-01-19T15:19:46.607Z;2026-01-19;;Gennemsnitskurs (manuel);;;;;;;false;;false;;;;Ingen regulering;;false;29;false;;;;;Bogføring;Ingen
5100;Underhållskostnad fastigheter;UNDERHÅLLSKOSTNAD FASTIGHETER;Starttotal;;;Udgift;Resultatopgørelse;Begge;;false;false;false;false;0;0;;;false;false;2026-01-19T15:19:46.62Z;2026-01-19;;Gennemsnitskurs (manuel);;;;;;;false;;false;;;;Ingen regulering;;false;41;false;;;;;Starttotal;Ingen
5130;Uppvärmning;UPPVÄRMNING;Bogføring;;;Udgift;Resultatopgørelse;Begge;;false;true;false;false;0;1;;;false;false;2026-01-19T15:19:46.63Z;2026-01-19;;Gennemsnitskurs (manuel);;;Køb;INRIKES;DIV;;false;;false;;INRIKES;VAT25;Ingen regulering;;false;41;false;;;;;Bogføring;Ingen
5135;Skatt bränsle;SKATT BRÄNSLE;Bogføring;;;Udgift;Resultatopgørelse;Begge;;false;true;false;false;0;1;;;false;false;2026-01-19T15:19:46.64Z;2026-01-19;;Gennemsnitskurs (manuel);;;;;;;false;;false;;;;Ingen regulering;;false;43;false;;;;;Bogføring;Ingen
5136;Skatt koldioxid;SKATT KOLDIOXID;Bogføring;;;Udgift;Resultatopgørelse;Begge;;false;true;false;false;0;1;;;false;false;2026-01-19T15:19:46.653Z;2026-01-19;;Gennemsnitskurs (manuel);;;;;;;false;;false;;;;Ingen regulering;;false;43;false;;;;;Bogføring;Ingen
5160;Städning och renhållning;STÄDNING OCH RENHÅLLNING;Bogføring;;;Udgift;Resultatopgørelse;Begge;;false;true;false;false;0;1;;;false;false;2026-01-19T15:19:46.663Z;2026-01-19;;Gennemsnitskurs (manuel);;;Køb;INRIKES;DIV;;false;;false;;INRIKES;VAT25;Ingen regulering;;false;41;false;;;;;Bogføring;Ingen
5170;Reparations- och underhållsutgifter;REPARATIONS- OCH UNDERHÅLLSUTGIFTER;Bogføring;;;Udgift;Resultatopgørelse;Begge;;false;true;false;false;0;1;;;false;false;2026-01-19T15:19:46.67Z;2026-01-19;;Gennemsnitskurs (manuel);;;Køb;INRIKES;DIV;;false;;false;;INRIKES;VAT25;Ingen regulering;;false;40;false;;;;;Bogføring;Ingen
5199;Fastighetskostnader totalt;FASTIGHETSKOSTNADER TOTALT;Sluttotal;;;Udgift;Resultatopgørelse;Begge;;false;false;false;false;0;0;;;false;false;2026-01-19T15:19:46.68Z;2026-01-19;5100..5199;Gennemsnitskurs (manuel);;;;;;;false;;false;;;;Ingen regulering;;false;41;false;;;;;Sluttotal;Ingen
5600;Kostnader för transportmedel;KOSTNADER FÖR TRANSPORTMEDEL;Starttotal;;;Udgift;Resultatopgørelse;Begge;;false;false;false;false;0;0;;;false;false;2026-01-19T15:19:46.69Z;2026-01-19;;Gennemsnitskurs (manuel);;;;;;;false;;false;;;;Ingen regulering;;false;45;false;;;;;Starttotal;Ingen
5611;Drivmedel;DRIVMEDEL;Bogføring;;;Udgift;Resultatopgørelse;Begge;;false;true;false;false;0;1;;;false;false;2026-01-19T15:19:46.697Z;2026-01-19;;Gennemsnitskurs (manuel);;;Køb;INRIKES;DIV;;false;;false;;INRIKES;VAT25;Ingen regulering;;false;45;false;;;;;Bogføring;Ingen
5612;Försäkring, skatt personbilar;FÖRSÄKRING, SKATT PERSONBILAR;Bogføring;;;Udgift;Resultatopgørelse;Begge;;false;true;false;false;0;1;;;false;false;2026-01-19T15:19:46.71Z;2026-01-19;;Gennemsnitskurs (manuel);;;Køb;INRIKES;NO VAT;;false;;false;;INRIKES;INGEN MOMS;Ingen regulering;;false;45;false;;;;;Bogføring;Ingen
5613;Reparation och underhåll;REPARATION OCH UNDERHÅLL;Bogføring;;;Udgift;Resultatopgørelse;Begge;;false;true;false;false;0;1;;;false;false;2026-01-19T15:19:46.723Z;2026-01-19;;Gennemsnitskurs (manuel);;;Køb;INRIKES;DIV;;false;;false;;INRIKES;VAT25;Ingen regulering;;false;45;false;;;;;Bogføring;Ingen
5699;Transportmedelskost. totalt;TRANSPORTMEDELSKOST. TOTALT;Sluttotal;;;Udgift;Resultatopgørelse;Begge;;false;false;false;false;0;0;;;false;false;2026-01-19T15:19:46.733Z;2026-01-19;5600..5699;Gennemsnitskurs (manuel);;;;;;;false;;false;;;;Ingen regulering;;false;45;false;;;;;Sluttotal;Ingen
5710;Frakter och transporter;FRAKTER OCH TRANSPORTER;Bogføring;;;Udgift;Resultatopgørelse;Begge;;false;true;false;false;0;0;;;false;false;2026-01-19T15:19:46.743Z;2026-01-19;;Gennemsnitskurs (manuel);;;Køb;INRIKES;DIV;;false;;false;;INRIKES;VAT25;Ingen regulering;;false;31;false;;;;;Bogføring;Ingen
5810;Resekostnader;RESEKOSTNADER;Bogføring;;;Udgift;Resultatopgørelse;Begge;;false;true;false;false;0;0;;;false;false;2026-01-19T15:19:46.753Z;2026-01-19;;Gennemsnitskurs (manuel);;;Køb;INRIKES;NO VAT;;false;;false;;INRIKES;INGEN MOMS;Ingen regulering;;false;44;false;;;;;Bogføring;Ingen
5900;Markandsföring och PR;MARKANDSFÖRING OCH PR;Bogføring;;;Udgift;Resultatopgørelse;Begge;;false;true;false;false;0;0;;;false;false;2026-01-19T15:19:46.767Z;2026-01-19;;Gennemsnitskurs (manuel);;;Køb;INRIKES;DIV;;false;;false;;INRIKES;VAT25;Ingen regulering;;false;33;false;;;;;Bogføring;Ingen
5905;Reklam och PR;REKLAM OCH PR;Starttotal;;;Udgift;Resultatopgørelse;Begge;;false;false;false;false;0;0;;;false;false;2026-01-19T15:19:46.78Z;2026-01-19;;Gennemsnitskurs (manuel);;;;;;;false;;false;;;;Ingen regulering;;false;33;false;;;;;Starttotal;Ingen
5910;Annonsering;ANNONSERING;Bogføring;;;Udgift;Resultatopgørelse;Begge;;false;true;false;false;0;1;;;false;false;2026-01-19T15:19:46.79Z;2026-01-19;;Gennemsnitskurs (manuel);;;Køb;INRIKES;DIV;;false;;false;;INRIKES;VAT25;Ingen regulering;;false;33;false;;;;;Bogføring;Ingen
5970;Film, radio, TV och Internet;FILM, RADIO, TV OCH INTERNET;Bogføring;;;Udgift;Resultatopgørelse;Begge;;false;true;false;false;0;1;;;false;false;2026-01-19T15:19:46.797Z;2026-01-19;;Gennemsnitskurs (manuel);;;Køb;INRIKES;DIV;;false;;false;;INRIKES;VAT25;Ingen regulering;;false;33;false;;;;;Bogføring;Ingen
5999;Reklam och PR totalt;REKLAM OCH PR TOTALT;Sluttotal;;;Udgift;Resultatopgørelse;Begge;;false;false;false;false;0;0;;;false;false;2026-01-19T15:19:46.81Z;2026-01-19;5905..5999;Gennemsnitskurs (manuel);;;;;;;false;;false;;;;Ingen regulering;;false;33;false;;;;;Sluttotal;Ingen
60410;Kostnad för allmännyttiga tjänster – Kraftverk;KOSTNAD FÖR ALLMÄNNYTTIGA TJÄNSTER – KRAFTVERK;Bogføring;;;Udgift;Resultatopgørelse;Begge;;false;true;false;false;0;0;;;false;false;2026-01-19T15:19:47.36Z;2026-01-19;;Gennemsnitskurs (manuel);;;;INRIKES;DETALJ;;false;;false;;INRIKES;VAT25;Ingen regulering;;false;;false;;;;;Bogføring;Ingen
6200;Administrativa kostnader;ADMINISTRATIVA KOSTNADER;Starttotal;;;Udgift;Resultatopgørelse;Begge;;false;false;false;false;0;0;;;false;false;2026-01-19T15:19:46.82Z;2026-01-19;;Gennemsnitskurs (manuel);;;;;;;false;;false;;;;Ingen regulering;;false;31;false;;;;;Starttotal;Ingen
6210;Tele;TELE;Bogføring;;;Udgift;Resultatopgørelse;Begge;;false;true;false;false;0;1;;;false;false;2026-01-19T15:19:46.827Z;2026-01-19;;Gennemsnitskurs (manuel);;;Køb;INRIKES;DIV;;false;;false;;INRIKES;VAT25;Ingen regulering;;false;31;false;;;;;Bogføring;Ingen
6220;Post;POST;Bogføring;;;Udgift;Resultatopgørelse;Begge;;false;true;false;false;0;1;;;false;false;2026-01-19T15:19:46.837Z;2026-01-19;;Gennemsnitskurs (manuel);;;Køb;INRIKES;NO VAT;;false;;false;;INRIKES;INGEN MOMS;Ingen regulering;;false;31;false;;;;;Bogføring;Ingen
6230;Kontorsmaterial;KONTORSMATERIAL;Bogføring;;;Udgift;Resultatopgørelse;Begge;;false;true;false;false;0;1;;;false;false;2026-01-19T15:19:46.847Z;2026-01-19;;Gennemsnitskurs (manuel);;;Køb;INRIKES;DIV;;false;;false;;INRIKES;VAT25;Ingen regulering;;false;31;false;;;;;Bogføring;Ingen
6299;Administrativa kost. totalt;ADMINISTRATIVA KOST. TOTALT;Sluttotal;;;Udgift;Resultatopgørelse;Begge;;false;false;false;false;0;0;;;false;false;2026-01-19T15:19:46.857Z;2026-01-19;6200..6299;Gennemsnitskurs (manuel);;;;;;;false;;false;;;;Ingen regulering;;false;31;false;;;;;Sluttotal;Ingen
6351;Konstaterade kundförluster;KONSTATERADE KUNDFÖRLUSTER;Bogføring;;;Udgift;Resultatopgørelse;Begge;;false;true;false;false;0;0;;;false;false;2026-01-19T15:19:46.863Z;2026-01-19;;Gennemsnitskurs (manuel);;;;;;;false;;false;;;;Ingen regulering;;false;42;false;;;;;Bogføring;Ingen
6352;Befarade kundförluster;BEFARADE KUNDFÖRLUSTER;Bogføring;;;Udgift;Resultatopgørelse;Begge;;false;true;false;false;0;0;;;false;false;2026-01-19T15:19:46.877Z;2026-01-19;;Gennemsnitskurs (manuel);;;;;;;false;;false;;;;Ingen regulering;;false;46;false;;;;;Bogføring;Ingen
6420;Revisionsarvoden;REVISIONSARVODEN;Bogføring;;;Udgift;Resultatopgørelse;Begge;;false;true;false;false;0;0;;;false;false;2026-01-19T15:19:46.883Z;2026-01-19;;Gennemsnitskurs (manuel);;;Køb;INRIKES;DIV;;false;;false;;INRIKES;VAT25;Ingen regulering;;false;31;false;;;;;Bogføring;Ingen
6450;Diverse;DIVERSE;Bogføring;;;Udgift;Resultatopgørelse;Begge;;false;true;false;false;0;0;;;false;false;2026-01-19T15:19:46.897Z;2026-01-19;;Gennemsnitskurs (manuel);;;Køb;INRIKES;DIV;;false;;false;;INRIKES;VAT25;Ingen regulering;;false;31;false;;;;;Bogføring;Ingen
6500;IT-tjänster;IT-TJÄNSTER;Starttotal;;;Udgift;Resultatopgørelse;Begge;;false;false;false;false;0;0;;;false;false;2026-01-19T15:19:46.903Z;2026-01-19;;Gennemsnitskurs (manuel);;;;;;;false;;false;;;;Ingen regulering;;false;31;false;;;;;Starttotal;Ingen
6540;Mjukvara;MJUKVARA;Bogføring;;;Udgift;Resultatopgørelse;Begge;;false;true;false;false;0;1;;;false;false;2026-01-19T15:19:46.913Z;2026-01-19;;Gennemsnitskurs (manuel);;;Køb;INRIKES;DIV;;false;;false;;INRIKES;VAT25;Ingen regulering;;false;31;false;;;;;Bogføring;Ingen
6550;Konsultarvoden;KONSULTARVODEN;Bogføring;;;Udgift;Resultatopgørelse;Begge;;false;true;false;false;0;1;;;false;false;2026-01-19T15:19:46.923Z;2026-01-19;;Gennemsnitskurs (manuel);;;Køb;INRIKES;TJÄNSTER;;false;;false;;INRIKES;VAT12;Ingen regulering;;false;31;false;;;;;Bogføring;Ingen
6560;IT-tjänster övriga;IT-TJÄNSTER ÖVRIGA;Bogføring;;;Udgift;Resultatopgørelse;Begge;;false;true;false;false;0;1;;;false;false;2026-01-19T15:19:46.937Z;2026-01-19;;Gennemsnitskurs (manuel);;;Køb;INRIKES;DIV;;false;;false;;INRIKES;VAT25;Ingen regulering;;false;31;false;;;;;Bogføring;Ingen
6599;IT-tjänster totalt;IT-TJÄNSTER TOTALT;Sluttotal;;;Udgift;Resultatopgørelse;Begge;;false;false;false;false;0;0;;;false;false;2026-01-19T15:19:46.947Z;2026-01-19;6500..6599;Gennemsnitskurs (manuel);;;;;;;false;;false;;;;Ingen regulering;;false;31;false;;;;;Sluttotal;Ingen
7000;Utgifter/kostnader personal;UTGIFTER/KOSTNADER PERSONAL;Starttotal;;;Udgift;Resultatopgørelse;Begge;;false;false;false;false;0;0;;;false;false;2026-01-19T15:19:46.957Z;2026-01-19;;Gennemsnitskurs (manuel);;;;;;;false;;false;;;;Ingen regulering;;false;37;false;;;;;Starttotal;Ingen
7010;Löner till kollektivanställda;LÖNER TILL KOLLEKTIVANSTÄLLDA;Bogføring;;;Udgift;Resultatopgørelse;Begge;;false;true;false;false;0;1;;;false;false;2026-01-19T15:19:46.967Z;2026-01-19;;Gennemsnitskurs (manuel);;;;;;;false;;false;;;;Ingen regulering;;false;37;false;;;;;Bogføring;Ingen
7100;Anställda betalas;ANSTÄLLDA BETALAS;Bogføring;;;Udgift;Resultatopgørelse;Begge;;false;true;false;false;0;1;;;false;false;2026-01-19T15:19:46.977Z;2026-01-19;;Gennemsnitskurs (manuel);;;;;;;false;;false;;;;Ingen regulering;;false;37;false;;;;;Bogføring;Ingen
7200;Personalrelaterade poster;PERSONALRELATERADE POSTER;Starttotal;;;Udgift;Resultatopgørelse;Begge;;false;false;false;false;0;1;;;false;false;2026-01-19T15:19:46.983Z;2026-01-19;;Gennemsnitskurs (manuel);;;;;;;false;;false;;;;Ingen regulering;;false;37;false;;;;;Starttotal;Ingen
7210;Löner till tjänstemän;LÖNER TILL TJÄNSTEMÄN;Bogføring;;;Udgift;Resultatopgørelse;Begge;;false;true;false;false;0;2;;;false;false;2026-01-19T15:19:46.993Z;2026-01-19;;Gennemsnitskurs (manuel);;;;;;;false;;false;;;;Ingen regulering;;false;37;false;;;;;Bogføring;Ingen
7299;Personal totalt;PERSONAL TOTALT;Sluttotal;;;Udgift;Resultatopgørelse;Begge;;false;false;false;false;0;1;;;false;false;2026-01-19T15:19:47.007Z;2026-01-19;7200..7299;Gennemsnitskurs (manuel);;;;;;;false;;false;;;;Ingen regulering;;false;37;false;;;;;Sluttotal;Ingen
7400;Pensionskostnader;PENSIONSKOSTNADER;Bogføring;;;Udgift;Resultatopgørelse;Begge;;false;true;false;false;0;1;;;false;false;2026-01-19T15:19:47.017Z;2026-01-19;;Gennemsnitskurs (manuel);;;;;;;false;;false;;;;Ingen regulering;;false;37;false;;;;;Bogføring;Ingen
7590;Övriga sociala avgifter;ÖVRIGA SOCIALA AVGIFTER;Bogføring;;;Udgift;Resultatopgørelse;Begge;;false;true;false;false;0;1;;;false;false;2026-01-19T15:19:47.027Z;2026-01-19;;Gennemsnitskurs (manuel);;;;;;;false;;false;;;;Ingen regulering;;false;37;false;;;;;Bogføring;Ingen
7599;Utgift./kost. personal, totalt;UTGIFT./KOST. PERSONAL, TOTALT;Sluttotal;;;Udgift;Resultatopgørelse;Begge;;false;false;false;false;0;0;;;false;false;2026-01-19T15:19:47.037Z;2026-01-19;7000..7599;Gennemsnitskurs (manuel);;;;;;;false;;false;;;;Ingen regulering;;false;37;false;;;;;Sluttotal;Ingen
7800;Avskrivning på anl.tillg.;AVSKRIVNING PÅ ANL.TILLG.;Starttotal;;;Udgift;Resultatopgørelse;Begge;;false;false;false;false;0;0;;;false;false;2026-01-19T15:19:47.043Z;2026-01-19;;Gennemsnitskurs (manuel);;;;;;;false;;false;;;;Ingen regulering;;false;31;false;;;;;Starttotal;Ingen
7820;Avskrivning på byggnader;AVSKRIVNING PÅ BYGGNADER;Bogføring;;;Udgift;Resultatopgørelse;Begge;;false;true;false;false;0;1;;;false;false;2026-01-19T15:19:47.053Z;2026-01-19;;Gennemsnitskurs (manuel);;;;;;;false;;false;;;;Ingen regulering;;false;31;false;;;;;Bogføring;Ingen
7830;Avskrivning på inventarier;AVSKRIVNING PÅ INVENTARIER;Bogføring;;;Udgift;Resultatopgørelse;Begge;;false;true;false;false;0;1;;;false;false;2026-01-19T15:19:47.063Z;2026-01-19;;Gennemsnitskurs (manuel);;;;;;;false;;false;;;;Ingen regulering;;false;31;false;;;;;Bogføring;Ingen
7834;Avskr. bilar/andra transp.med.;AVSKR. BILAR/ANDRA TRANSP.MED.;Bogføring;;;Udgift;Resultatopgørelse;Begge;;false;true;false;false;0;1;;;false;false;2026-01-19T15:19:47.073Z;2026-01-19;;Gennemsnitskurs (manuel);;;;;;;false;;false;;;;Ingen regulering;;false;31;false;;;;;Bogføring;Ingen
7891;Vinst/förlust avyttring;VINST/FÖRLUST AVYTTRING;Bogføring;;;Udgift;Resultatopgørelse;Begge;;false;true;false;false;0;1;;;false;false;2026-01-19T15:19:47.08Z;2026-01-19;;Gennemsnitskurs (manuel);;;;;;;false;;false;;;;Ingen regulering;;false;31;false;;;;;Bogføring;Ingen
7899;Avskrivning anl.tillg. totalt;AVSKRIVNING ANL.TILLG. TOTALT;Sluttotal;;;Udgift;Resultatopgørelse;Begge;;false;false;false;false;0;0;;;false;false;2026-01-19T15:19:47.09Z;2026-01-19;7800..7899;Gennemsnitskurs (manuel);;;;;;;false;;false;;;;Ingen regulering;;false;31;false;;;;;Sluttotal;Ingen
7990;Övriga rörelsekostnader;ÖVRIGA RÖRELSEKOSTNADER;Bogføring;;;Omkostning ved solgte varer;Resultatopgørelse;Begge;;false;true;false;false;0;0;;;false;false;2026-01-19T15:19:47.097Z;2026-01-19;;Gennemsnitskurs (manuel);;;Køb;INRIKES;DIV;;false;;false;;INRIKES;VAT25;Ingen regulering;;false;26;false;;;;;Bogføring;Ingen
7995;Kopplingsavrundning;KOPPLINGSAVRUNDNING;Bogføring;;;Udgift;Resultatopgørelse;Begge;;false;true;false;false;0;0;;;false;false;2026-01-19T15:19:47.107Z;2026-01-19;;Gennemsnitskurs (manuel);;;;;;;false;;false;;;;Ingen regulering;;false;42;false;;;;;Bogføring;Ingen
8010;Utdelning;UTDELNING;Bogføring;;;Egenkapital;Balance;Begge;;false;true;false;false;0;0;;;false;false;2026-01-19T15:19:47.117Z;2026-01-19;;Gennemsnitskurs (manuel);;;;;;;false;;false;;;;Ingen regulering;;false;17;false;;;;;Bogføring;Ingen
8220;Orealiserad valuta;OREALISERAD VALUTA;Bogføring;;;Indkomst;Resultatopgørelse;Begge;;false;true;false;false;1;0;;;false;false;2026-01-19T15:19:47.127Z;2026-01-19;;Gennemsnitskurs (manuel);;;;;;;false;;false;;;;Ingen regulering;;false;18;false;;;;;Bogføring;Ingen
8221;Oreal. valutakursförluster;OREAL. VALUTAKURSFÖRLUSTER;Bogføring;;;Udgift;Resultatopgørelse;Begge;;false;true;false;false;0;0;;;false;false;2026-01-19T15:19:47.133Z;2026-01-19;;Gennemsnitskurs (manuel);;;;;;;false;;false;;;;Ingen regulering;;false;31;false;;;;;Bogføring;Ingen
8231;Realiserade valutakursvinster;REALISERADE VALUTAKURSVINSTER;Bogføring;;;Indkomst;Resultatopgørelse;Begge;;false;true;false;false;0;0;;;false;false;2026-01-19T15:19:47.147Z;2026-01-19;;Gennemsnitskurs (manuel);;;;;;;false;;false;;;;Ingen regulering;;false;18;false;;;;;Bogføring;Ingen
8234;Real. valutakursförluster;REAL. VALUTAKURSFÖRLUSTER;Bogføring;;;Udgift;Resultatopgørelse;Begge;;false;true;false;false;0;0;;;false;false;2026-01-19T15:19:47.153Z;2026-01-19;;Gennemsnitskurs (manuel);;;;;;;false;;false;;;;Ingen regulering;;false;31;false;;;;;Bogføring;Ingen
8400;Räntekostnader;RÄNTEKOSTNADER;Starttotal;;;Udgift;Resultatopgørelse;Begge;;false;false;false;false;0;0;;;false;false;2026-01-19T15:19:47.163Z;2026-01-19;;Gennemsnitskurs (manuel);;;;;;;false;;false;;;;Ingen regulering;;false;34;false;;;;;Starttotal;Ingen
8410;Ränteintäkter på banksaldon;RÄNTEINTÄKTER PÅ BANKSALDON;Bogføring;;;Udgift;Resultatopgørelse;Begge;;false;true;false;false;0;1;;;false;false;2026-01-19T15:19:47.173Z;2026-01-19;;Gennemsnitskurs (manuel);;;;;;;false;;false;;;;Ingen regulering;;false;34;false;;;;;Bogføring;Ingen
8420;Ränteintäkter kundfordringar;RÄNTEINTÄKTER KUNDFORDRINGAR;Bogføring;;;Udgift;Resultatopgørelse;Begge;;false;true;false;false;0;1;;;false;false;2026-01-19T15:19:47.187Z;2026-01-19;;Gennemsnitskurs (manuel);;;Salg;INRIKES;NO VAT;;false;;false;;INRIKES;INGEN MOMS;Ingen regulering;;false;34;false;;;;;Bogføring;Ingen
8422;Dröjsmålsränta;DRÖJSMÅLSRÄNTA;Bogføring;;;Udgift;Resultatopgørelse;Begge;;false;true;false;false;0;1;;;false;false;2026-01-19T15:19:47.193Z;2026-01-19;;Gennemsnitskurs (manuel);;;;;;;false;;false;;;;Ingen regulering;;false;34;false;;;;;Bogføring;Ingen
8451;Ränta revolverande kredit;RÄNTA REVOLVERANDE KREDIT;Bogføring;;;Udgift;Resultatopgørelse;Begge;;false;true;false;false;0;1;;;false;false;2026-01-19T15:19:47.207Z;2026-01-19;;Gennemsnitskurs (manuel);;;;;;;false;;false;;;;Ingen regulering;;false;34;false;;;;;Bogføring;Ingen
8452;Ränta banklån;RÄNTA BANKLÅN;Bogføring;;;Udgift;Resultatopgørelse;Begge;;false;true;false;false;0;1;;;false;false;2026-01-19T15:19:47.217Z;2026-01-19;;Gennemsnitskurs (manuel);;;;;;;false;;false;;;;Ingen regulering;;false;34;false;;;;;Bogføring;Ingen
8453;Ränta hypotek;RÄNTA HYPOTEK;Bogføring;;;Udgift;Resultatopgørelse;Begge;;false;true;false;false;0;1;;;false;false;2026-01-19T15:19:47.223Z;2026-01-19;;Gennemsnitskurs (manuel);;;;;;;false;;false;;;;Ingen regulering;;false;34;false;;;;;Bogføring;Ingen
8499;Räntekostnader totalt;RÄNTEKOSTNADER TOTALT;Sluttotal;;;Udgift;Resultatopgørelse;Begge;;false;false;false;false;0;0;;;false;false;2026-01-19T15:19:47.23Z;2026-01-19;8400..8499;Gennemsnitskurs (manuel);;;;;;;false;;false;;;;Ingen regulering;;false;34;false;;;;;Sluttotal;Ingen
8710;Extraordinära intäkter;EXTRAORDINÄRA INTÄKTER;Bogføring;;;Indkomst;Resultatopgørelse;Begge;;false;true;false;false;1;0;;;false;false;2026-01-19T15:19:47.24Z;2026-01-19;;Gennemsnitskurs (manuel);;;;;;;false;;false;;;;Ingen regulering;;false;18;false;;;;;Bogføring;Ingen
8750;Extraordinära kostnader;EXTRAORDINÄRA KOSTNADER;Bogføring;;;Udgift;Resultatopgørelse;Begge;;false;true;false;false;0;0;;;false;false;2026-01-19T15:19:47.253Z;2026-01-19;;Gennemsnitskurs (manuel);;;;;;;false;;false;;;;Ingen regulering;;false;42;false;;;;;Bogføring;Ingen
8800;Datakonvertering;DATAKONVERTERING;Overskrift;;;Passiver;Balance;Begge;;false;false;false;false;0;0;;;false;false;2026-01-19T15:19:47.263Z;2026-01-19;;Gennemsnitskurs (manuel);;;;;;;false;;false;;;;Ingen regulering;;false;;false;;;;;Overskrift;Ingen
8810;Importera lagervärde;IMPORTERA LAGERVÄRDE;Bogføring;;;Passiver;Balance;Begge;;false;false;false;false;0;0;;;false;false;2026-01-19T15:19:47.27Z;2026-01-19;;Gennemsnitskurs (manuel);;;;;;;false;;false;;;;Ingen regulering;;false;;false;;;;;Bogføring;Ingen
8820;Importera lagerreglering;IMPORTERA LAGERREGLERING;Bogføring;;;Passiver;Balance;Begge;;false;false;false;false;0;0;;;false;false;2026-01-19T15:19:47.28Z;2026-01-19;;Gennemsnitskurs (manuel);;;;;;;false;;false;;;;Ingen regulering;;false;;false;;;;;Bogføring;Ingen
8830;Importera leverantörsposter;IMPORTERA LEVERANTÖRSPOSTER;Bogføring;;;Passiver;Balance;Begge;;false;false;false;false;0;0;;;false;false;2026-01-19T15:19:47.287Z;2026-01-19;;Gennemsnitskurs (manuel);;;;;;;false;;false;;;;Ingen regulering;;false;;false;;;;;Bogføring;Ingen
8840;Importera Kreditorsaldo;IMPORTERA KREDITORSALDO;Bogføring;;;Passiver;Balance;Begge;;false;false;false;false;0;0;;;false;false;2026-01-19T15:19:47.297Z;2026-01-19;;Gennemsnitskurs (manuel);;;;;;;false;;false;;;;Ingen regulering;;false;;false;;;;;Bogføring;Ingen
8850;Importera kundregister;IMPORTERA KUNDREGISTER;Bogføring;;;Passiver;Balance;Begge;;false;false;false;false;0;0;;;false;false;2026-01-19T15:19:47.307Z;2026-01-19;;Gennemsnitskurs (manuel);;;;;;;false;;false;;;;Ingen regulering;;false;;false;;;;;Bogføring;Ingen
8860;Importera debetsaldo;IMPORTERA DEBETSALDO;Bogføring;;;Passiver;Balance;Begge;;false;false;false;false;0;0;;;false;false;2026-01-19T15:19:47.323Z;2026-01-19;;Gennemsnitskurs (manuel);;;;;;;false;;false;;;;Ingen regulering;;false;;false;;;;;Bogføring;Ingen
8900;År – beskattningsbart resultat;ÅR – BESKATTNINGSBART RESULTAT;Total;;;;Resultatopgørelse;Begge;;false;false;false;false;0;0;;;false;false;2026-01-19T15:19:47.33Z;2026-01-19;3000..8900;Gennemsnitskurs (manuel);;;;;;;false;;false;;;;Ingen regulering;;false;;false;;;;;Total;Ingen
8910;Skatt – beskatt.bart resultat;SKATT – BESKATT.BART RESULTAT;Bogføring;;;Udgift;Resultatopgørelse;Begge;;false;true;false;false;1;0;;;false;false;2026-01-19T15:19:47.34Z;2026-01-19;;Gennemsnitskurs (manuel);;;;;;;false;;false;;;;Ingen regulering;;false;43;false;;;;;Bogføring;Ingen
8999;Årets resultat;ÅRETS RESULTAT;Total;;;Egenkapital;Balance;Begge;;false;false;false;false;0;0;;;false;false;2026-01-19T15:19:47.353Z;2026-01-19;3000..8999;Gennemsnitskurs (manuel);;;;;;;false;;false;;;;Ingen regulering;;false;16;false;;;;;Total;Ingen
